  tinyraytracer.cpp
D:\tinyraytracer_learn\lib\Object.h(10,3): warning C4265: "Object": 类包含虚函数，但其不常用的析构函数不是虚函数；该类的实例可能无法进行正确析构
  (编译源文件“../tinyraytracer.cpp”)
  
D:\tinyraytracer_learn\lib\Object.h(34,8): warning C4820: "Sphere": 数据成员 "Sphere::radius" 后添加了 "4" 字节填充
  (编译源文件“../tinyraytracer.cpp”)
  
D:\tinyraytracer_learn\lib\Object.h(28,3): warning C4265: "Sphere": 类包含虚函数，但其不常用的析构函数不是虚函数；该类的实例可能无法进行正确析构
  (编译源文件“../tinyraytracer.cpp”)
  
D:\tinyraytracer_learn\lib\Object.h(52,11): warning C4820: "Plane": 数据成员 "Plane::extra_material" 后添加了 "4" 字节填充
  (编译源文件“../tinyraytracer.cpp”)
  
D:\tinyraytracer_learn\lib\Object.h(42,3): warning C4265: "Plane": 类包含虚函数，但其不常用的析构函数不是虚函数；该类的实例可能无法进行正确析构
  (编译源文件“../tinyraytracer.cpp”)
  
D:\tinyraytracer_learn\lib\stb_image.h(816,8): warning C4820: "<unnamed-tag>": 数据成员 "<unnamed-tag>::callback_already_read" 后添加了 "4" 字节填充
  (编译源文件“../tinyraytracer.cpp”)
  
D:\tinyraytracer_learn\lib\stb_image.h(852,30): warning C4365: “参数”: 从“int”转换到“size_t”，有符号/无符号不匹配
  (编译源文件“../tinyraytracer.cpp”)
  
D:\tinyraytracer_learn\lib\stb_image.h(1051,28): warning C4365: “参数”: 从“int”转换到“size_t”，有符号/无符号不匹配
  (编译源文件“../tinyraytracer.cpp”)
  
D:\tinyraytracer_learn\lib\stb_image.h(1058,30): warning C4365: “参数”: 从“int”转换到“size_t”，有符号/无符号不匹配
  (编译源文件“../tinyraytracer.cpp”)
  
D:\tinyraytracer_learn\lib\stb_image.h(1065,32): warning C4365: “参数”: 从“int”转换到“size_t”，有符号/无符号不匹配
  (编译源文件“../tinyraytracer.cpp”)
  
D:\tinyraytracer_learn\lib\stb_image.h(1196,39): warning C4365: “参数”: 从“int”转换到“size_t”，有符号/无符号不匹配
  (编译源文件“../tinyraytracer.cpp”)
  
D:\tinyraytracer_learn\lib\stb_image.h(1212,52): warning C4365: “参数”: 从“int”转换到“size_t”，有符号/无符号不匹配
  (编译源文件“../tinyraytracer.cpp”)
  
D:\tinyraytracer_learn\lib\stb_image.h(1280,52): warning C4365: “参数”: 从“size_t”转换到“int”，有符号/无符号不匹配
  (编译源文件“../tinyraytracer.cpp”)
  
D:\tinyraytracer_learn\lib\stb_image.h(1307,52): warning C4365: “参数”: 从“size_t”转换到“int”，有符号/无符号不匹配
  (编译源文件“../tinyraytracer.cpp”)
  
D:\tinyraytracer_learn\lib\stb_image.h(1318,52): warning C4365: “参数”: 从“size_t”转换到“int”，有符号/无符号不匹配
  (编译源文件“../tinyraytracer.cpp”)
  
D:\tinyraytracer_learn\lib\stb_image.h(1673,40): warning C4365: “参数”: 从“int”转换到“size_t”，有符号/无符号不匹配
  (编译源文件“../tinyraytracer.cpp”)
  
D:\tinyraytracer_learn\lib\stb_image.h(1683,37): warning C4365: “参数”: 从“int”转换到“size_t”，有符号/无符号不匹配
  (编译源文件“../tinyraytracer.cpp”)
  
D:\tinyraytracer_learn\lib\stb_image.h(1706,19): warning C4365: “初始化”: 从“int”转换到“stbi__uint32”，有符号/无符号不匹配
  (编译源文件“../tinyraytracer.cpp”)
  
D:\tinyraytracer_learn\lib\stb_image.h(1724,19): warning C4365: “初始化”: 从“int”转换到“stbi__uint32”，有符号/无符号不匹配
  (编译源文件“../tinyraytracer.cpp”)
  
D:\tinyraytracer_learn\lib\stb_image.h(1763,60): warning C4365: “参数”: 从“unsigned int”转换到“int”，有符号/无符号不匹配
  (编译源文件“../tinyraytracer.cpp”)
  
D:\tinyraytracer_learn\lib\stb_image.h(1763,57): warning C4365: “参数”: 从“unsigned int”转换到“int”，有符号/无符号不匹配
  (编译源文件“../tinyraytracer.cpp”)
  
D:\tinyraytracer_learn\lib\stb_image.h(1778,10): warning C4365: “=”: 从“unsigned int”转换到“int”，有符号/无符号不匹配
  (编译源文件“../tinyraytracer.cpp”)
  
D:\tinyraytracer_learn\lib\stb_image.h(1779,10): warning C4365: “=”: 从“unsigned int”转换到“int”，有符号/无符号不匹配
  (编译源文件“../tinyraytracer.cpp”)
  
D:\tinyraytracer_learn\lib\stb_image.h(1780,10): warning C4365: “=”: 从“unsigned int”转换到“int”，有符号/无符号不匹配
  (编译源文件“../tinyraytracer.cpp”)
  
D:\tinyraytracer_learn\lib\stb_image.h(1781,10): warning C4365: “=”: 从“unsigned int”转换到“int”，有符号/无符号不匹配
  (编译源文件“../tinyraytracer.cpp”)
  
D:\tinyraytracer_learn\lib\stb_image.h(1782,10): warning C4365: “=”: 从“unsigned int”转换到“int”，有符号/无符号不匹配
  (编译源文件“../tinyraytracer.cpp”)
  
D:\tinyraytracer_learn\lib\stb_image.h(1783,10): warning C4365: “=”: 从“unsigned int”转换到“int”，有符号/无符号不匹配
  (编译源文件“../tinyraytracer.cpp”)
  
D:\tinyraytracer_learn\lib\stb_image.h(1784,10): warning C4365: “=”: 从“unsigned int”转换到“int”，有符号/无符号不匹配
  (编译源文件“../tinyraytracer.cpp”)
  
D:\tinyraytracer_learn\lib\stb_image.h(1785,10): warning C4365: “=”: 从“unsigned int”转换到“int”，有符号/无符号不匹配
  (编译源文件“../tinyraytracer.cpp”)
  
D:\tinyraytracer_learn\lib\stb_image.h(1786,10): warning C4365: “=”: 从“unsigned int”转换到“int”，有符号/无符号不匹配
  (编译源文件“../tinyraytracer.cpp”)
  
D:\tinyraytracer_learn\lib\stb_image.h(1787,10): warning C4365: “=”: 从“unsigned int”转换到“int”，有符号/无符号不匹配
  (编译源文件“../tinyraytracer.cpp”)
  
D:\tinyraytracer_learn\lib\stb_image.h(1788,10): warning C4365: “=”: 从“unsigned int”转换到“int”，有符号/无符号不匹配
  (编译源文件“../tinyraytracer.cpp”)
  
D:\tinyraytracer_learn\lib\stb_image.h(1789,10): warning C4365: “=”: 从“unsigned int”转换到“int”，有符号/无符号不匹配
  (编译源文件“../tinyraytracer.cpp”)
  
D:\tinyraytracer_learn\lib\stb_image.h(1835,10): warning C4365: “=”: 从“unsigned int”转换到“int”，有符号/无符号不匹配
  (编译源文件“../tinyraytracer.cpp”)
  
D:\tinyraytracer_learn\lib\stb_image.h(1836,10): warning C4365: “=”: 从“unsigned int”转换到“int”，有符号/无符号不匹配
  (编译源文件“../tinyraytracer.cpp”)
  
D:\tinyraytracer_learn\lib\stb_image.h(1837,10): warning C4365: “=”: 从“unsigned int”转换到“int”，有符号/无符号不匹配
  (编译源文件“../tinyraytracer.cpp”)
  
D:\tinyraytracer_learn\lib\stb_image.h(1838,10): warning C4365: “=”: 从“unsigned int”转换到“int”，有符号/无符号不匹配
  (编译源文件“../tinyraytracer.cpp”)
  
D:\tinyraytracer_learn\lib\stb_image.h(1839,10): warning C4365: “=”: 从“unsigned int”转换到“int”，有符号/无符号不匹配
  (编译源文件“../tinyraytracer.cpp”)
  
D:\tinyraytracer_learn\lib\stb_image.h(1840,10): warning C4365: “=”: 从“unsigned int”转换到“int”，有符号/无符号不匹配
  (编译源文件“../tinyraytracer.cpp”)
  
D:\tinyraytracer_learn\lib\stb_image.h(1841,10): warning C4365: “=”: 从“unsigned int”转换到“int”，有符号/无符号不匹配
  (编译源文件“../tinyraytracer.cpp”)
  
D:\tinyraytracer_learn\lib\stb_image.h(1842,10): warning C4365: “=”: 从“unsigned int”转换到“int”，有符号/无符号不匹配
  (编译源文件“../tinyraytracer.cpp”)
  
D:\tinyraytracer_learn\lib\stb_image.h(1843,10): warning C4365: “=”: 从“unsigned int”转换到“int”，有符号/无符号不匹配
  (编译源文件“../tinyraytracer.cpp”)
  
D:\tinyraytracer_learn\lib\stb_image.h(1844,10): warning C4365: “=”: 从“unsigned int”转换到“int”，有符号/无符号不匹配
  (编译源文件“../tinyraytracer.cpp”)
  
D:\tinyraytracer_learn\lib\stb_image.h(1845,10): warning C4365: “=”: 从“unsigned int”转换到“int”，有符号/无符号不匹配
  (编译源文件“../tinyraytracer.cpp”)
  
D:\tinyraytracer_learn\lib\stb_image.h(1846,10): warning C4365: “=”: 从“unsigned int”转换到“int”，有符号/无符号不匹配
  (编译源文件“../tinyraytracer.cpp”)
  
D:\tinyraytracer_learn\lib\stb_image.h(1944,13): warning C4820: "<unnamed-tag>": 数据成员 "<unnamed-tag>::size" 后添加了 "3" 字节填充
  (编译源文件“../tinyraytracer.cpp”)
  
D:\tinyraytracer_learn\lib\stb_image.h(1971,18): warning C4820: "<unnamed-tag>::<unnamed-tag>": 数据成员 "<unnamed-tag>::h2" 后添加了 "4" 字节填充
  (编译源文件“../tinyraytracer.cpp”)
  
D:\tinyraytracer_learn\lib\stb_image.h(1981,19): warning C4820: "<unnamed-tag>": 数据成员 "<unnamed-tag>::marker" 后添加了 "3" 字节填充
  (编译源文件“../tinyraytracer.cpp”)
  
D:\tinyraytracer_learn\lib\stb_image.h(2021,23): warning C4365: “=”: 从“unsigned int”转换到“int”，有符号/无符号不匹配
  (编译源文件“../tinyraytracer.cpp”)
  
D:\tinyraytracer_learn\lib\stb_image.h(2078,22): warning C4365: “初始化”: 从“int”转换到“unsigned int”，有符号/无符号不匹配
  (编译源文件“../tinyraytracer.cpp”)
  
D:\tinyraytracer_learn\lib\stb_image.h(2106,45): warning C4365: “=”: 从“stbi__uint32”转换到“int”，有符号/无符号不匹配
  (编译源文件“../tinyraytracer.cpp”)
  
D:\tinyraytracer_learn\lib\stb_image.h(2137,56): warning C4365: “=”: 从“stbi__uint32”转换到“int”，有符号/无符号不匹配
  (编译源文件“../tinyraytracer.cpp”)
  
D:\tinyraytracer_learn\lib\stb_image.h(2160,25): warning C4365: “=”: 从“stbi__uint32”转换到“int”，有符号/无符号不匹配
  (编译源文件“../tinyraytracer.cpp”)
  
D:\tinyraytracer_learn\lib\stb_image.h(2165,13): warning C4365: “return”: 从“unsigned int”转换到“int”，有符号/无符号不匹配
  (编译源文件“../tinyraytracer.cpp”)
  
D:\tinyraytracer_learn\lib\stb_image.h(2178,11): warning C4365: “return”: 从“unsigned int”转换到“int”，有符号/无符号不匹配
  (编译源文件“../tinyraytracer.cpp”)
  
D:\tinyraytracer_learn\lib\stb_image.h(2189,13): warning C4365: “return”: 从“unsigned int”转换到“int”，有符号/无符号不匹配
  (编译源文件“../tinyraytracer.cpp”)
  
D:\tinyraytracer_learn\lib\stb_image.h(2235,48): warning C4365: “=”: 从“stbi__uint32”转换到“int”，有符号/无符号不匹配
  (编译源文件“../tinyraytracer.cpp”)
  
D:\tinyraytracer_learn\lib\stb_image.h(2313,51): warning C4365: “=”: 从“stbi__uint32”转换到“int”，有符号/无符号不匹配
  (编译源文件“../tinyraytracer.cpp”)
  
D:\tinyraytracer_learn\lib\stb_image.h(3270,28): warning C4365: “=”: 从“int”转换到“stbi__uint32”，有符号/无符号不匹配
  (编译源文件“../tinyraytracer.cpp”)
  
D:\tinyraytracer_learn\lib\stb_image.h(3271,28): warning C4365: “=”: 从“int”转换到“stbi__uint32”，有符号/无符号不匹配
  (编译源文件“../tinyraytracer.cpp”)
  
D:\tinyraytracer_learn\lib\stb_image.h(3298,42): warning C4365: “参数”: 从“stbi__uint32”转换到“int”，有符号/无符号不匹配
  (编译源文件“../tinyraytracer.cpp”)
  
D:\tinyraytracer_learn\lib\stb_image.h(3298,32): warning C4365: “参数”: 从“stbi__uint32”转换到“int”，有符号/无符号不匹配
  (编译源文件“../tinyraytracer.cpp”)
  
D:\tinyraytracer_learn\lib\stb_image.h(3318,47): warning C4365: “=”: 从“stbi__uint32”转换到“int”，有符号/无符号不匹配
  (编译源文件“../tinyraytracer.cpp”)
  
D:\tinyraytracer_learn\lib\stb_image.h(3319,47): warning C4365: “=”: 从“stbi__uint32”转换到“int”，有符号/无符号不匹配
  (编译源文件“../tinyraytracer.cpp”)
  
D:\tinyraytracer_learn\lib\stb_image.h(3323,66): warning C4365: “=”: 从“stbi__uint32”转换到“int”，有符号/无符号不匹配
  (编译源文件“../tinyraytracer.cpp”)
  
D:\tinyraytracer_learn\lib\stb_image.h(3324,66): warning C4365: “=”: 从“stbi__uint32”转换到“int”，有符号/无符号不匹配
  (编译源文件“../tinyraytracer.cpp”)
  
D:\tinyraytracer_learn\lib\stb_image.h(3435,26): warning C4365: “初始化”: 从“int”转换到“stbi__uint32”，有符号/无符号不匹配
  (编译源文件“../tinyraytracer.cpp”)
  
D:\tinyraytracer_learn\lib\stb_image.h(3669,55): warning C4365: “=”: 从“unsigned int”转换到“int”，有符号/无符号不匹配
  (编译源文件“../tinyraytracer.cpp”)
  
D:\tinyraytracer_learn\lib\stb_image.h(3803,53): warning C4365: “=”: 从“unsigned int”转换到“int”，有符号/无符号不匹配
  (编译源文件“../tinyraytracer.cpp”)
  
D:\tinyraytracer_learn\lib\stb_image.h(3855,8): warning C4820: "<unnamed-tag>": 数据成员 "<unnamed-tag>::ypos" 后添加了 "4" 字节填充
  (编译源文件“../tinyraytracer.cpp”)
  
D:\tinyraytracer_learn\lib\stb_image.h(3861,19): warning C4365: “初始化”: 从“int”转换到“unsigned int”，有符号/无符号不匹配
  (编译源文件“../tinyraytracer.cpp”)
  
D:\tinyraytracer_learn\lib\stb_image.h(3910,47): warning C4365: “=”: 从“stbi__uint32”转换到“int”，有符号/无符号不匹配
  (编译源文件“../tinyraytracer.cpp”)
  
D:\tinyraytracer_learn\lib\stb_image.h(3922,66): warning C4365: “参数”: 从“stbi__uint32”转换到“int”，有符号/无符号不匹配
  (编译源文件“../tinyraytracer.cpp”)
  
D:\tinyraytracer_learn\lib\stb_image.h(3922,53): warning C4365: “参数”: 从“stbi__uint32”转换到“int”，有符号/无符号不匹配
  (编译源文件“../tinyraytracer.cpp”)
  
D:\tinyraytracer_learn\lib\stb_image.h(3954,78): warning C4365: “参数”: 从“stbi__uint32”转换到“int”，有符号/无符号不匹配
  (编译源文件“../tinyraytracer.cpp”)
  
D:\tinyraytracer_learn\lib\stb_image.h(3967,78): warning C4365: “参数”: 从“stbi__uint32”转换到“int”，有符号/无符号不匹配
  (编译源文件“../tinyraytracer.cpp”)
  
D:\tinyraytracer_learn\lib\stb_image.h(3970,51): warning C4365: “参数”: 从“int”转换到“stbi_uc”，有符号/无符号不匹配
  (编译源文件“../tinyraytracer.cpp”)
  
D:\tinyraytracer_learn\lib\stb_image.h(3971,51): warning C4365: “参数”: 从“int”转换到“stbi_uc”，有符号/无符号不匹配
  (编译源文件“../tinyraytracer.cpp”)
  
D:\tinyraytracer_learn\lib\stb_image.h(3972,51): warning C4365: “参数”: 从“int”转换到“stbi_uc”，有符号/无符号不匹配
  (编译源文件“../tinyraytracer.cpp”)
  
D:\tinyraytracer_learn\lib\stb_image.h(3976,78): warning C4365: “参数”: 从“stbi__uint32”转换到“int”，有符号/无符号不匹配
  (编译源文件“../tinyraytracer.cpp”)
  
D:\tinyraytracer_learn\lib\stb_image.h(4007,48): warning C4365: “参数”: 从“int”转换到“stbi_uc”，有符号/无符号不匹配
  (编译源文件“../tinyraytracer.cpp”)
  
D:\tinyraytracer_learn\lib\stb_image.h(4021,20): warning C4365: “=”: 从“stbi__uint32”转换到“int”，有符号/无符号不匹配
  (编译源文件“../tinyraytracer.cpp”)
  
D:\tinyraytracer_learn\lib\stb_image.h(4022,20): warning C4365: “=”: 从“stbi__uint32”转换到“int”，有符号/无符号不匹配
  (编译源文件“../tinyraytracer.cpp”)
  
D:\tinyraytracer_learn\lib\stb_image.h(4062,20): warning C4365: “=”: 从“stbi__uint32”转换到“int”，有符号/无符号不匹配
  (编译源文件“../tinyraytracer.cpp”)
  
D:\tinyraytracer_learn\lib\stb_image.h(4063,20): warning C4365: “=”: 从“stbi__uint32”转换到“int”，有符号/无符号不匹配
  (编译源文件“../tinyraytracer.cpp”)
  
D:\tinyraytracer_learn\lib\stb_image.h(4182,17): warning C4820: "<unnamed-tag>": 数据成员 "<unnamed-tag>::code_buffer" 后添加了 "4" 字节填充
  (编译源文件“../tinyraytracer.cpp”)
  
D:\tinyraytracer_learn\lib\stb_image.h(4189,29): warning C4820: "<unnamed-tag>": 数据成员 "<unnamed-tag>::z_distance" 后添加了 "4" 字节填充
  (编译源文件“../tinyraytracer.cpp”)
  
D:\tinyraytracer_learn\lib\stb_image.h(4199,21): warning C4365: “return”: 从“int”转换到“stbi_uc”，有符号/无符号不匹配
  (编译源文件“../tinyraytracer.cpp”)
  
D:\tinyraytracer_learn\lib\stb_image.h(4229,27): warning C4365: “参数”: 从“stbi__uint32”转换到“int”，有符号/无符号不匹配
  (编译源文件“../tinyraytracer.cpp”)
  
D:\tinyraytracer_learn\lib\stb_image.h(4351,37): warning C4365: “=”: 从“stbi_uc”转换到“char”，有符号/无符号不匹配
  (编译源文件“../tinyraytracer.cpp”)
  
D:\tinyraytracer_learn\lib\stb_image.h(4353,37): warning C4365: “=”: 从“stbi_uc”转换到“char”，有符号/无符号不匹配
  (编译源文件“../tinyraytracer.cpp”)
  
D:\tinyraytracer_learn\lib\stb_image.h(4367,14): warning C4365: “初始化”: 从“unsigned int”转换到“int”，有符号/无符号不匹配
  (编译源文件“../tinyraytracer.cpp”)
  
D:\tinyraytracer_learn\lib\stb_image.h(4368,14): warning C4365: “初始化”: 从“unsigned int”转换到“int”，有符号/无符号不匹配
  (编译源文件“../tinyraytracer.cpp”)
  
D:\tinyraytracer_learn\lib\stb_image.h(4369,14): warning C4365: “初始化”: 从“unsigned int”转换到“int”，有符号/无符号不匹配
  (编译源文件“../tinyraytracer.cpp”)
  
D:\tinyraytracer_learn\lib\stb_image.h(4374,13): warning C4365: “初始化”: 从“unsigned int”转换到“int”，有符号/无符号不匹配
  (编译源文件“../tinyraytracer.cpp”)
  
D:\tinyraytracer_learn\lib\stb_image.h(4388,36): warning C4365: “=”: 从“unsigned int”转换到“int”，有符号/无符号不匹配
  (编译源文件“../tinyraytracer.cpp”)
  
D:\tinyraytracer_learn\lib\stb_image.h(4392,36): warning C4365: “=”: 从“unsigned int”转换到“int”，有符号/无符号不匹配
  (编译源文件“../tinyraytracer.cpp”)
  
D:\tinyraytracer_learn\lib\stb_image.h(4394,36): warning C4365: “=”: 从“unsigned int”转换到“int”，有符号/无符号不匹配
  (编译源文件“../tinyraytracer.cpp”)
  
D:\tinyraytracer_learn\lib\stb_image.h(4399,35): warning C4365: “参数”: 从“int”转换到“size_t”，有符号/无符号不匹配
  (编译源文件“../tinyraytracer.cpp”)
  
D:\tinyraytracer_learn\lib\stb_image.h(4432,32): warning C4365: “参数”: 从“int”转换到“size_t”，有符号/无符号不匹配
  (编译源文件“../tinyraytracer.cpp”)
  
D:\tinyraytracer_learn\lib\stb_image.h(4490,29): warning C4365: “=”: 从“unsigned int”转换到“int”，有符号/无符号不匹配
  (编译源文件“../tinyraytracer.cpp”)
  
D:\tinyraytracer_learn\lib\stb_image.h(4491,28): warning C4365: “=”: 从“unsigned int”转换到“int”，有符号/无符号不匹配
  (编译源文件“../tinyraytracer.cpp”)
  
D:\tinyraytracer_learn\lib\stb_image.h(4523,36): warning C4365: “参数”: 从“int”转换到“size_t”，有符号/无符号不匹配
  (编译源文件“../tinyraytracer.cpp”)
  
D:\tinyraytracer_learn\lib\stb_image.h(4544,36): warning C4365: “参数”: 从“int”转换到“size_t”，有符号/无符号不匹配
  (编译源文件“../tinyraytracer.cpp”)
  
D:\tinyraytracer_learn\lib\stb_image.h(4634,8): warning C4820: "<unnamed-tag>": 数据成员 "<unnamed-tag>::depth" 后添加了 "4" 字节填充
  (编译源文件“../tinyraytracer.cpp”)
  
D:\tinyraytracer_learn\lib\stb_image.h(4680,15): warning C4365: “=”: 从“stbi__uint32”转换到“int”，有符号/无符号不匹配
  (编译源文件“../tinyraytracer.cpp”)
  
D:\tinyraytracer_learn\lib\stb_image.h(4686,15): warning C4365: “=”: 从“stbi__uint32”转换到“int”，有符号/无符号不匹配
  (编译源文件“../tinyraytracer.cpp”)
  
D:\tinyraytracer_learn\lib\stb_image.h(4709,14): warning C4365: “初始化”: 从“stbi__uint32”转换到“int”，有符号/无符号不匹配
  (编译源文件“../tinyraytracer.cpp”)
  
D:\tinyraytracer_learn\lib\stb_image.h(4712,46): warning C4365: “参数”: 从“stbi__uint32”转换到“int”，有符号/无符号不匹配
  (编译源文件“../tinyraytracer.cpp”)
  
D:\tinyraytracer_learn\lib\stb_image.h(4712,43): warning C4365: “参数”: 从“stbi__uint32”转换到“int”，有符号/无符号不匹配
  (编译源文件“../tinyraytracer.cpp”)
  
D:\tinyraytracer_learn\lib\stb_image.h(4717,38): warning C4365: “参数”: 从“stbi__uint32”转换到“int”，有符号/无符号不匹配
  (编译源文件“../tinyraytracer.cpp”)
  
D:\tinyraytracer_learn\lib\stb_image.h(4719,51): warning C4365: “参数”: 从“stbi__uint32”转换到“int”，有符号/无符号不匹配
  (编译源文件“../tinyraytracer.cpp”)
  
D:\tinyraytracer_learn\lib\stb_image.h(4719,48): warning C4365: “参数”: 从“stbi__uint32”转换到“int”，有符号/无符号不匹配
  (编译源文件“../tinyraytracer.cpp”)
  
D:\tinyraytracer_learn\lib\stb_image.h(4719,31): warning C4365: “参数”: 从“stbi__uint32”转换到“int”，有符号/无符号不匹配
  (编译源文件“../tinyraytracer.cpp”)
  
D:\tinyraytracer_learn\lib\stb_image.h(4728,47): warning C4365: “参数”: 从“stbi__uint32”转换到“int”，有符号/无符号不匹配
  (编译源文件“../tinyraytracer.cpp”)
  
D:\tinyraytracer_learn\lib\stb_image.h(4734,15): warning C4365: “=”: 从“stbi__uint32”转换到“int”，有符号/无符号不匹配
  (编译源文件“../tinyraytracer.cpp”)
  
D:\tinyraytracer_learn\lib\stb_image.h(4757,27): warning C4365: “参数”: 从“int”转换到“size_t”，有符号/无符号不匹配
  (编译源文件“../tinyraytracer.cpp”)
  
D:\tinyraytracer_learn\lib\stb_image.h(4760,27): warning C4365: “参数”: 从“int”转换到“size_t”，有符号/无符号不匹配
  (编译源文件“../tinyraytracer.cpp”)
  
D:\tinyraytracer_learn\lib\stb_image.h(4781,27): warning C4365: “参数”: 从“int”转换到“size_t”，有符号/无符号不匹配
  (编译源文件“../tinyraytracer.cpp”)
  
D:\tinyraytracer_learn\lib\stb_image.h(4791,24): warning C4365: “初始化”: 从“int”转换到“stbi_uc”，有符号/无符号不匹配
  (编译源文件“../tinyraytracer.cpp”)
  
D:\tinyraytracer_learn\lib\stb_image.h(4801,31): warning C4365: “=”: 从“int”转换到“stbi_uc”，有符号/无符号不匹配
  (编译源文件“../tinyraytracer.cpp”)
  
D:\tinyraytracer_learn\lib\stb_image.h(4807,31): warning C4365: “=”: 从“int”转换到“stbi_uc”，有符号/无符号不匹配
  (编译源文件“../tinyraytracer.cpp”)
  
D:\tinyraytracer_learn\lib\stb_image.h(4814,31): warning C4365: “=”: 从“int”转换到“stbi_uc”，有符号/无符号不匹配
  (编译源文件“../tinyraytracer.cpp”)
  
D:\tinyraytracer_learn\lib\stb_image.h(4834,40): warning C4365: “=”: 从“int”转换到“stbi__uint16”，有符号/无符号不匹配
  (编译源文件“../tinyraytracer.cpp”)
  
D:\tinyraytracer_learn\lib\stb_image.h(4839,45): warning C4365: “=”: 从“int”转换到“stbi__uint16”，有符号/无符号不匹配
  (编译源文件“../tinyraytracer.cpp”)
  
D:\tinyraytracer_learn\lib\stb_image.h(4845,45): warning C4365: “=”: 从“int”转换到“stbi__uint16”，有符号/无符号不匹配
  (编译源文件“../tinyraytracer.cpp”)
  
D:\tinyraytracer_learn\lib\stb_image.h(4846,45): warning C4365: “=”: 从“int”转换到“stbi__uint16”，有符号/无符号不匹配
  (编译源文件“../tinyraytracer.cpp”)
  
D:\tinyraytracer_learn\lib\stb_image.h(4847,45): warning C4365: “=”: 从“int”转换到“stbi__uint16”，有符号/无符号不匹配
  (编译源文件“../tinyraytracer.cpp”)
  
D:\tinyraytracer_learn\lib\stb_image.h(4871,59): warning C4365: “参数”: 从“stbi__uint32”转换到“int”，有符号/无符号不匹配
  (编译源文件“../tinyraytracer.cpp”)
  
D:\tinyraytracer_learn\lib\stb_image.h(4871,46): warning C4365: “参数”: 从“stbi__uint32”转换到“int”，有符号/无符号不匹配
  (编译源文件“../tinyraytracer.cpp”)
  
D:\tinyraytracer_learn\lib\stb_image.h(4880,48): warning C4365: “=”: 从“stbi__uint32”转换到“int”，有符号/无符号不匹配
  (编译源文件“../tinyraytracer.cpp”)
  
D:\tinyraytracer_learn\lib\stb_image.h(4881,48): warning C4365: “=”: 从“stbi__uint32”转换到“int”，有符号/无符号不匹配
  (编译源文件“../tinyraytracer.cpp”)
  
D:\tinyraytracer_learn\lib\stb_image.h(4883,31): warning C4365: “初始化”: 从“int”转换到“stbi__uint32”，有符号/无符号不匹配
  (编译源文件“../tinyraytracer.cpp”)
  
D:\tinyraytracer_learn\lib\stb_image.h(4884,83): warning C4365: “参数”: 从“int”转换到“stbi__uint32”，有符号/无符号不匹配
  (编译源文件“../tinyraytracer.cpp”)
  
D:\tinyraytracer_learn\lib\stb_image.h(4884,80): warning C4365: “参数”: 从“int”转换到“stbi__uint32”，有符号/无符号不匹配
  (编译源文件“../tinyraytracer.cpp”)
  
D:\tinyraytracer_learn\lib\stb_image.h(4893,51): warning C4365: “参数”: 从“int”转换到“size_t”，有符号/无符号不匹配
  (编译源文件“../tinyraytracer.cpp”)
  
D:\tinyraytracer_learn\lib\stb_image.h(4918,23): warning C4365: “=”: 从“int”转换到“stbi_uc”，有符号/无符号不匹配
  (编译源文件“../tinyraytracer.cpp”)
  
D:\tinyraytracer_learn\lib\stb_image.h(4943,23): warning C4365: “=”: 从“int”转换到“stbi__uint16”，有符号/无符号不匹配
  (编译源文件“../tinyraytracer.cpp”)
  
D:\tinyraytracer_learn\lib\stb_image.h(4961,38): warning C4365: “参数”: 从“stbi__uint32”转换到“int”，有符号/无符号不匹配
  (编译源文件“../tinyraytracer.cpp”)
  
D:\tinyraytracer_learn\lib\stb_image.h(5054,29): warning C4365: “初始化”: 从“int”转换到“stbi_uc”，有符号/无符号不匹配
  (编译源文件“../tinyraytracer.cpp”)
  
D:\tinyraytracer_learn\lib\stb_image.h(5055,43): warning C4365: “=”: 从“int”转换到“stbi_uc”，有符号/无符号不匹配
  (编译源文件“../tinyraytracer.cpp”)
  
D:\tinyraytracer_learn\lib\stb_image.h(5056,43): warning C4365: “=”: 从“int”转换到“stbi_uc”，有符号/无符号不匹配
  (编译源文件“../tinyraytracer.cpp”)
  
D:\tinyraytracer_learn\lib\stb_image.h(5057,43): warning C4365: “=”: 从“int”转换到“stbi_uc”，有符号/无符号不匹配
  (编译源文件“../tinyraytracer.cpp”)
  
D:\tinyraytracer_learn\lib\stb_image.h(5100,28): warning C4365: “参数”: 从“stbi__uint32”转换到“int”，有符号/无符号不匹配
  (编译源文件“../tinyraytracer.cpp”)
  
D:\tinyraytracer_learn\lib\stb_image.h(5167,64): warning C4365: “=”: 从“int”转换到“stbi_uc”，有符号/无符号不匹配
  (编译源文件“../tinyraytracer.cpp”)
  
D:\tinyraytracer_learn\lib\stb_image.h(5194,47): warning C4365: “参数”: 从“stbi__uint32”转换到“int”，有符号/无符号不匹配
  (编译源文件“../tinyraytracer.cpp”)
  
D:\tinyraytracer_learn\lib\stb_image.h(5207,109): warning C4365: “参数”: 从“stbi__uint32”转换到“int”，有符号/无符号不匹配
  (编译源文件“../tinyraytracer.cpp”)
  
D:\tinyraytracer_learn\lib\stb_image.h(5207,103): warning C4365: “参数”: 从“stbi__uint32”转换到“int”，有符号/无符号不匹配
  (编译源文件“../tinyraytracer.cpp”)
  
D:\tinyraytracer_learn\lib\stb_image.h(5229,58): warning C4365: “参数”: 从“stbi__uint32”转换到“int”，有符号/无符号不匹配
  (编译源文件“../tinyraytracer.cpp”)
  
D:\tinyraytracer_learn\lib\stb_image.h(5248,35): warning C4365: “=”: 从“stbi_uc”转换到“char”，有符号/无符号不匹配
  (编译源文件“../tinyraytracer.cpp”)
  
D:\tinyraytracer_learn\lib\stb_image.h(5249,35): warning C4365: “=”: 从“stbi_uc”转换到“char”，有符号/无符号不匹配
  (编译源文件“../tinyraytracer.cpp”)
  
D:\tinyraytracer_learn\lib\stb_image.h(5250,35): warning C4365: “=”: 从“stbi_uc”转换到“char”，有符号/无符号不匹配
  (编译源文件“../tinyraytracer.cpp”)
  
D:\tinyraytracer_learn\lib\stb_image.h(5251,35): warning C4365: “=”: 从“stbi_uc”转换到“char”，有符号/无符号不匹配
  (编译源文件“../tinyraytracer.cpp”)
  
D:\tinyraytracer_learn\lib\stb_image.h(5255,28): warning C4365: “参数”: 从“stbi__uint32”转换到“int”，有符号/无符号不匹配
  (编译源文件“../tinyraytracer.cpp”)
  
D:\tinyraytracer_learn\lib\stb_image.h(5284,16): warning C4365: “=”: 从“stbi__uint32”转换到“int”，有符号/无符号不匹配
  (编译源文件“../tinyraytracer.cpp”)
  
D:\tinyraytracer_learn\lib\stb_image.h(5285,16): warning C4365: “=”: 从“stbi__uint32”转换到“int”，有符号/无符号不匹配
  (编译源文件“../tinyraytracer.cpp”)
  
D:\tinyraytracer_learn\lib\stb_image.h(5316,20): warning C4365: “=”: 从“stbi__uint32”转换到“int”，有符号/无符号不匹配
  (编译源文件“../tinyraytracer.cpp”)
  
D:\tinyraytracer_learn\lib\stb_image.h(5317,20): warning C4365: “=”: 从“stbi__uint32”转换到“int”，有符号/无符号不匹配
  (编译源文件“../tinyraytracer.cpp”)
  
D:\tinyraytracer_learn\lib\stb_image.h(5356,22): warning C4365: “=”: 从“stbi__uint32”转换到“int”，有符号/无符号不匹配
  (编译源文件“../tinyraytracer.cpp”)
  
D:\tinyraytracer_learn\lib\stb_image.h(5389,13): warning C4365: “return”: 从“unsigned int”转换到“int”，有符号/无符号不匹配
  (编译源文件“../tinyraytracer.cpp”)
  
D:\tinyraytracer_learn\lib\stb_image.h(5455,32): warning C4365: “=”: 从“stbi__uint32”转换到“int”，有符号/无符号不匹配
  (编译源文件“../tinyraytracer.cpp”)
  
D:\tinyraytracer_learn\lib\stb_image.h(5456,35): warning C4365: “=”: 从“stbi__uint32”转换到“int”，有符号/无符号不匹配
  (编译源文件“../tinyraytracer.cpp”)
  
D:\tinyraytracer_learn\lib\stb_image.h(5464,31): warning C4365: “=”: 从“int”转换到“stbi__uint32”，有符号/无符号不匹配
  (编译源文件“../tinyraytracer.cpp”)
  
D:\tinyraytracer_learn\lib\stb_image.h(5465,31): warning C4365: “=”: 从“int”转换到“stbi__uint32”，有符号/无符号不匹配
  (编译源文件“../tinyraytracer.cpp”)
  
D:\tinyraytracer_learn\lib\stb_image.h(5473,20): warning C4365: “初始化”: 从“stbi__uint32”转换到“int”，有符号/无符号不匹配
  (编译源文件“../tinyraytracer.cpp”)
  
D:\tinyraytracer_learn\lib\stb_image.h(5546,18): warning C4365: “=”: 从“int”转换到“stbi__uint32”，有符号/无符号不匹配
  (编译源文件“../tinyraytracer.cpp”)
  
D:\tinyraytracer_learn\lib\stb_image.h(5594,50): warning C4365: “参数”: 从“stbi__uint32”转换到“int”，有符号/无符号不匹配
  (编译源文件“../tinyraytracer.cpp”)
  
D:\tinyraytracer_learn\lib\stb_image.h(5594,40): warning C4365: “参数”: 从“stbi__uint32”转换到“int”，有符号/无符号不匹配
  (编译源文件“../tinyraytracer.cpp”)
  
D:\tinyraytracer_learn\lib\stb_image.h(5597,59): warning C4365: “参数”: 从“stbi__uint32”转换到“int”，有符号/无符号不匹配
  (编译源文件“../tinyraytracer.cpp”)
  
D:\tinyraytracer_learn\lib\stb_image.h(5597,49): warning C4365: “参数”: 从“stbi__uint32”转换到“int”，有符号/无符号不匹配
  (编译源文件“../tinyraytracer.cpp”)
  
D:\tinyraytracer_learn\lib\stb_image.h(5610,49): warning C4365: “=”: 从“stbi__uint32”转换到“int”，有符号/无符号不匹配
  (编译源文件“../tinyraytracer.cpp”)
  
D:\tinyraytracer_learn\lib\stb_image.h(5611,54): warning C4365: “=”: 从“stbi__uint32”转换到“int”，有符号/无符号不匹配
  (编译源文件“../tinyraytracer.cpp”)
  
D:\tinyraytracer_learn\lib\stb_image.h(5612,40): warning C4365: “=”: 从“stbi__uint32”转换到“int”，有符号/无符号不匹配
  (编译源文件“../tinyraytracer.cpp”)
  
D:\tinyraytracer_learn\lib\stb_image.h(5659,37): warning C4365: “=”: 从“stbi__uint32”转换到“int”，有符号/无符号不匹配
  (编译源文件“../tinyraytracer.cpp”)
  
D:\tinyraytracer_learn\lib\stb_image.h(5660,41): warning C4365: “=”: 从“stbi__uint32”转换到“int”，有符号/无符号不匹配
  (编译源文件“../tinyraytracer.cpp”)
  
D:\tinyraytracer_learn\lib\stb_image.h(5686,26): warning C4365: “=”: 从“int”转换到“unsigned char”，有符号/无符号不匹配
  (编译源文件“../tinyraytracer.cpp”)
  
D:\tinyraytracer_learn\lib\stb_image.h(5698,21): warning C4365: “=”: 从“int”转换到“unsigned int”，有符号/无符号不匹配
  (编译源文件“../tinyraytracer.cpp”)
  
D:\tinyraytracer_learn\lib\stb_image.h(5709,33): warning C4365: “=”: 从“stbi__uint32”转换到“int”，有符号/无符号不匹配
  (编译源文件“../tinyraytracer.cpp”)
  
D:\tinyraytracer_learn\lib\stb_image.h(5728,10): warning C4365: “=”: 从“stbi__uint32”转换到“int”，有符号/无符号不匹配
  (编译源文件“../tinyraytracer.cpp”)
  
D:\tinyraytracer_learn\lib\stb_image.h(5729,10): warning C4365: “=”: 从“stbi__uint32”转换到“int”，有符号/无符号不匹配
  (编译源文件“../tinyraytracer.cpp”)
  
D:\tinyraytracer_learn\lib\stb_image.h(6065,80): warning C4365: “参数”: 从“int”转换到“unsigned int”，有符号/无符号不匹配
  (编译源文件“../tinyraytracer.cpp”)
  
D:\tinyraytracer_learn\lib\stb_image.h(6065,69): warning C4365: “参数”: 从“int”转换到“unsigned int”，有符号/无符号不匹配
  (编译源文件“../tinyraytracer.cpp”)
  
D:\tinyraytracer_learn\lib\stb_image.h(6153,21): warning C4365: “=”: 从“stbi__uint32”转换到“int”，有符号/无符号不匹配
  (编译源文件“../tinyraytracer.cpp”)
  
D:\tinyraytracer_learn\lib\stb_image.h(6154,21): warning C4365: “=”: 从“stbi__uint32”转换到“int”，有符号/无符号不匹配
  (编译源文件“../tinyraytracer.cpp”)
  
D:\tinyraytracer_learn\lib\stb_image.h(6178,30): warning C4365: “参数”: 从“stbi__uint32”转换到“int”，有符号/无符号不匹配
  (编译源文件“../tinyraytracer.cpp”)
  
D:\tinyraytracer_learn\lib\stb_image.h(6181,31): warning C4365: “参数”: 从“stbi__uint32”转换到“int”，有符号/无符号不匹配
  (编译源文件“../tinyraytracer.cpp”)
  
D:\tinyraytracer_learn\lib\stb_image.h(6184,31): warning C4365: “参数”: 从“stbi__uint32”转换到“int”，有符号/无符号不匹配
  (编译源文件“../tinyraytracer.cpp”)
  
D:\tinyraytracer_learn\lib\stb_image.h(6204,43): warning C4365: “参数”: 从“int”转换到“size_t”，有符号/无符号不匹配
  (编译源文件“../tinyraytracer.cpp”)
  
D:\tinyraytracer_learn\lib\stb_image.h(6234,30): warning C4365: “=”: 从“int”转换到“stbi_uc”，有符号/无符号不匹配
  (编译源文件“../tinyraytracer.cpp”)
  
D:\tinyraytracer_learn\lib\stb_image.h(6254,33): warning C4365: “初始化”: 从“int”转换到“stbi__uint16”，有符号/无符号不匹配
  (编译源文件“../tinyraytracer.cpp”)
  
D:\tinyraytracer_learn\lib\stb_image.h(6259,28): warning C4365: “初始化”: 从“int”转换到“stbi_uc”，有符号/无符号不匹配
  (编译源文件“../tinyraytracer.cpp”)
  
D:\tinyraytracer_learn\lib\stb_image.h(6314,89): warning C4365: “参数”: 从“int”转换到“unsigned int”，有符号/无符号不匹配
  (编译源文件“../tinyraytracer.cpp”)
  
D:\tinyraytracer_learn\lib\stb_image.h(6314,86): warning C4365: “参数”: 从“int”转换到“unsigned int”，有符号/无符号不匹配
  (编译源文件“../tinyraytracer.cpp”)
  
D:\tinyraytracer_learn\lib\stb_image.h(6316,58): warning C4365: “参数”: 从“int”转换到“unsigned int”，有符号/无符号不匹配
  (编译源文件“../tinyraytracer.cpp”)
  
D:\tinyraytracer_learn\lib\stb_image.h(6316,55): warning C4365: “参数”: 从“int”转换到“unsigned int”，有符号/无符号不匹配
  (编译源文件“../tinyraytracer.cpp”)
  
D:\tinyraytracer_learn\lib\stb_image.h(6527,28): warning C4365: “参数”: 从“int”转换到“size_t”，有符号/无符号不匹配
  (编译源文件“../tinyraytracer.cpp”)
  
D:\tinyraytracer_learn\lib\stb_image.h(6536,52): warning C4365: “参数”: 从“int”转换到“unsigned int”，有符号/无符号不匹配
  (编译源文件“../tinyraytracer.cpp”)
  
D:\tinyraytracer_learn\lib\stb_image.h(6536,50): warning C4365: “参数”: 从“int”转换到“unsigned int”，有符号/无符号不匹配
  (编译源文件“../tinyraytracer.cpp”)
  
D:\tinyraytracer_learn\lib\stb_image.h(6569,18): warning C4820: "<unnamed-tag>": 数据成员 "<unnamed-tag>::codes" 后添加了 "4" 字节填充
  (编译源文件“../tinyraytracer.cpp”)
  
D:\tinyraytracer_learn\lib\stb_image.h(6577,8): warning C4820: "<unnamed-tag>": 数据成员 "<unnamed-tag>::delay" 后添加了 "4" 字节填充
  (编译源文件“../tinyraytracer.cpp”)
  
D:\tinyraytracer_learn\lib\stb_image.h(6604,26): warning C4365: “=”: 从“int”转换到“stbi_uc”，有符号/无符号不匹配
  (编译源文件“../tinyraytracer.cpp”)
  
D:\tinyraytracer_learn\lib\stb_image.h(6662,43): warning C4365: “参数”: 从“stbi__int16”转换到“stbi__uint16”，有符号/无符号不匹配
  (编译源文件“../tinyraytracer.cpp”)
  
D:\tinyraytracer_learn\lib\stb_image.h(6793,43): warning C4365: “参数”: 从“int”转换到“size_t”，有符号/无符号不匹配
  (编译源文件“../tinyraytracer.cpp”)
  
D:\tinyraytracer_learn\lib\stb_image.h(6794,50): warning C4365: “参数”: 从“int”转换到“size_t”，有符号/无符号不匹配
  (编译源文件“../tinyraytracer.cpp”)
  
D:\tinyraytracer_learn\lib\stb_image.h(6795,45): warning C4365: “参数”: 从“int”转换到“size_t”，有符号/无符号不匹配
  (编译源文件“../tinyraytracer.cpp”)
  
D:\tinyraytracer_learn\lib\stb_image.h(6802,30): warning C4365: “参数”: 从“int”转换到“size_t”，有符号/无符号不匹配
  (编译源文件“../tinyraytracer.cpp”)
  
D:\tinyraytracer_learn\lib\stb_image.h(6803,37): warning C4365: “参数”: 从“int”转换到“size_t”，有符号/无符号不匹配
  (编译源文件“../tinyraytracer.cpp”)
  
D:\tinyraytracer_learn\lib\stb_image.h(6804,32): warning C4365: “参数”: 从“int”转换到“size_t”，有符号/无符号不匹配
  (编译源文件“../tinyraytracer.cpp”)
  
D:\tinyraytracer_learn\lib\stb_image.h(6836,47): warning C4365: “参数”: 从“int”转换到“size_t”，有符号/无符号不匹配
  (编译源文件“../tinyraytracer.cpp”)
  
D:\tinyraytracer_learn\lib\stb_image.h(6840,35): warning C4365: “参数”: 从“int”转换到“size_t”，有符号/无符号不匹配
  (编译源文件“../tinyraytracer.cpp”)
  
D:\tinyraytracer_learn\lib\stb_image.h(6994,39): warning C4365: “参数”: 从“int”转换到“size_t”，有符号/无符号不匹配
  (编译源文件“../tinyraytracer.cpp”)
  
D:\tinyraytracer_learn\lib\stb_image.h(7007,40): warning C4365: “=”: 从“size_t”转换到“int”，有符号/无符号不匹配
  (编译源文件“../tinyraytracer.cpp”)
  
D:\tinyraytracer_learn\lib\stb_image.h(7010,53): warning C4365: “参数”: 从“int”转换到“size_t”，有符号/无符号不匹配
  (编译源文件“../tinyraytracer.cpp”)
  
D:\tinyraytracer_learn\lib\stb_image.h(7018,40): warning C4365: “=”: 从“size_t”转换到“int”，有符号/无符号不匹配
  (编译源文件“../tinyraytracer.cpp”)
  
D:\tinyraytracer_learn\lib\stb_image.h(7021,55): warning C4365: “参数”: 从“int”转换到“size_t”，有符号/无符号不匹配
  (编译源文件“../tinyraytracer.cpp”)
  
D:\tinyraytracer_learn\lib\stb_image.h(7039,70): warning C4365: “参数”: 从“int”转换到“unsigned int”，有符号/无符号不匹配
  (编译源文件“../tinyraytracer.cpp”)
  
D:\tinyraytracer_learn\lib\stb_image.h(7039,62): warning C4365: “参数”: 从“int”转换到“unsigned int”，有符号/无符号不匹配
  (编译源文件“../tinyraytracer.cpp”)
  
D:\tinyraytracer_learn\lib\stb_image.h(7064,57): warning C4365: “参数”: 从“int”转换到“unsigned int”，有符号/无符号不匹配
  (编译源文件“../tinyraytracer.cpp”)
  
D:\tinyraytracer_learn\lib\stb_image.h(7064,52): warning C4365: “参数”: 从“int”转换到“unsigned int”，有符号/无符号不匹配
  (编译源文件“../tinyraytracer.cpp”)
  
D:\tinyraytracer_learn\lib\stb_image.h(7138,43): warning C5219: 从“int”隐式转换到“float”，可能会丢失数据
  (编译源文件“../tinyraytracer.cpp”)
  
D:\tinyraytracer_learn\lib\stb_image.h(7149,10): warning C5262: 此处发生隐式失败；是否缺少中断语句? 当在事例之间有意省略中断语句时，请使用 [[fallthrough]]
  (编译源文件“../tinyraytracer.cpp”)
      D:\tinyraytracer_learn\lib\stb_image.h(7148,18):
      可能失败的语句位于此处
  
D:\tinyraytracer_learn\lib\stb_image.h(7152,10): warning C5262: 此处发生隐式失败；是否缺少中断语句? 当在事例之间有意省略中断语句时，请使用 [[fallthrough]]
  (编译源文件“../tinyraytracer.cpp”)
      D:\tinyraytracer_learn\lib\stb_image.h(7151,18):
      可能失败的语句位于此处
  
D:\tinyraytracer_learn\lib\stb_image.h(7346,17): warning C4365: “=”: 从“stbi__uint32”转换到“int”，有符号/无符号不匹配
  (编译源文件“../tinyraytracer.cpp”)
  
D:\tinyraytracer_learn\lib\stb_image.h(7347,17): warning C4365: “=”: 从“stbi__uint32”转换到“int”，有符号/无符号不匹配
  (编译源文件“../tinyraytracer.cpp”)
  
D:\tinyraytracer_learn\lib\stb_image.h(7379,22): warning C4365: “=”: 从“stbi__uint32”转换到“int”，有符号/无符号不匹配
  (编译源文件“../tinyraytracer.cpp”)
  
D:\tinyraytracer_learn\lib\stb_image.h(7380,22): warning C4365: “=”: 从“stbi__uint32”转换到“int”，有符号/无符号不匹配
  (编译源文件“../tinyraytracer.cpp”)
  
D:\tinyraytracer_learn\lib\stb_image.h(7518,10): warning C4365: “=”: 从“stbi__uint32”转换到“int”，有符号/无符号不匹配
  (编译源文件“../tinyraytracer.cpp”)
  
D:\tinyraytracer_learn\lib\stb_image.h(7519,10): warning C4365: “=”: 从“stbi__uint32”转换到“int”，有符号/无符号不匹配
  (编译源文件“../tinyraytracer.cpp”)
  
D:\tinyraytracer_learn\lib\stb_image.h(7522,52): warning C4365: “参数”: 从“stbi__uint32”转换到“int”，有符号/无符号不匹配
  (编译源文件“../tinyraytracer.cpp”)
  
D:\tinyraytracer_learn\lib\stb_image.h(7522,42): warning C4365: “参数”: 从“stbi__uint32”转换到“int”，有符号/无符号不匹配
  (编译源文件“../tinyraytracer.cpp”)
  
D:\tinyraytracer_learn\lib\stb_image.h(7525,61): warning C4365: “参数”: 从“stbi__uint32”转换到“int”，有符号/无符号不匹配
  (编译源文件“../tinyraytracer.cpp”)
  
D:\tinyraytracer_learn\lib\stb_image.h(7525,51): warning C4365: “参数”: 从“stbi__uint32”转换到“int”，有符号/无符号不匹配
  (编译源文件“../tinyraytracer.cpp”)
  
D:\tinyraytracer_learn\lib\stb_image.h(7527,59): warning C4365: “参数”: 从“stbi__uint32”转换到“int”，有符号/无符号不匹配
  (编译源文件“../tinyraytracer.cpp”)
  
D:\tinyraytracer_learn\lib\Background.h(15,6): warning C4820: "Background": 数据成员 "Background::channels" 后添加了 "4" 字节填充
  (编译源文件“../tinyraytracer.cpp”)
  
D:\tinyraytracer_learn\lib\model.h(13,14): warning C4820: "Model": 数据成员 "Model::material" 后添加了 "4" 字节填充
  (编译源文件“../tinyraytracer.cpp”)
  
D:\tinyraytracer_learn\lib\Camera.h(11,7): warning C4626: “Camera”: 已将赋值运算符隐式定义为“已删除”
  (编译源文件“../tinyraytracer.cpp”)
  
D:\tinyraytracer_learn\lib\Camera.h(40,20): warning C4305: “初始化”: 从“double”到“const float”截断
  (编译源文件“../tinyraytracer.cpp”)
  
D:\tinyraytracer_learn\tinyraytracer.cpp(21,59): warning C4305: “参数”: 从“double”到“T”截断
D:\tinyraytracer_learn\tinyraytracer.cpp(21,59): warning C4305:         with
D:\tinyraytracer_learn\tinyraytracer.cpp(21,59): warning C4305:         [
D:\tinyraytracer_learn\tinyraytracer.cpp(21,59): warning C4305:             T=float
D:\tinyraytracer_learn\tinyraytracer.cpp(21,59): warning C4305:         ]
D:\tinyraytracer_learn\tinyraytracer.cpp(21,54): warning C4305: “参数”: 从“double”到“T”截断
D:\tinyraytracer_learn\tinyraytracer.cpp(21,54): warning C4305:         with
D:\tinyraytracer_learn\tinyraytracer.cpp(21,54): warning C4305:         [
D:\tinyraytracer_learn\tinyraytracer.cpp(21,54): warning C4305:             T=float
D:\tinyraytracer_learn\tinyraytracer.cpp(21,54): warning C4305:         ]
D:\tinyraytracer_learn\tinyraytracer.cpp(21,49): warning C4305: “参数”: 从“double”到“T”截断
D:\tinyraytracer_learn\tinyraytracer.cpp(21,49): warning C4305:         with
D:\tinyraytracer_learn\tinyraytracer.cpp(21,49): warning C4305:         [
D:\tinyraytracer_learn\tinyraytracer.cpp(21,49): warning C4305:             T=float
D:\tinyraytracer_learn\tinyraytracer.cpp(21,49): warning C4305:         ]
D:\tinyraytracer_learn\tinyraytracer.cpp(21,37): warning C4305: “参数”: 从“double”到“T”截断
D:\tinyraytracer_learn\tinyraytracer.cpp(21,37): warning C4305:         with
D:\tinyraytracer_learn\tinyraytracer.cpp(21,37): warning C4305:         [
D:\tinyraytracer_learn\tinyraytracer.cpp(21,37): warning C4305:             T=float
D:\tinyraytracer_learn\tinyraytracer.cpp(21,37): warning C4305:         ]
D:\tinyraytracer_learn\tinyraytracer.cpp(21,32): warning C4305: “参数”: 从“double”到“T”截断
D:\tinyraytracer_learn\tinyraytracer.cpp(21,32): warning C4305:         with
D:\tinyraytracer_learn\tinyraytracer.cpp(21,32): warning C4305:         [
D:\tinyraytracer_learn\tinyraytracer.cpp(21,32): warning C4305:             T=float
D:\tinyraytracer_learn\tinyraytracer.cpp(21,32): warning C4305:         ]
D:\tinyraytracer_learn\tinyraytracer.cpp(21,27): warning C4305: “参数”: 从“double”到“T”截断
D:\tinyraytracer_learn\tinyraytracer.cpp(21,27): warning C4305:         with
D:\tinyraytracer_learn\tinyraytracer.cpp(21,27): warning C4305:         [
D:\tinyraytracer_learn\tinyraytracer.cpp(21,27): warning C4305:             T=float
D:\tinyraytracer_learn\tinyraytracer.cpp(21,27): warning C4305:         ]
D:\tinyraytracer_learn\tinyraytracer.cpp(22,64): warning C4305: “参数”: 从“double”到“T”截断
D:\tinyraytracer_learn\tinyraytracer.cpp(22,64): warning C4305:         with
D:\tinyraytracer_learn\tinyraytracer.cpp(22,64): warning C4305:         [
D:\tinyraytracer_learn\tinyraytracer.cpp(22,64): warning C4305:             T=float
D:\tinyraytracer_learn\tinyraytracer.cpp(22,64): warning C4305:         ]
D:\tinyraytracer_learn\tinyraytracer.cpp(22,59): warning C4305: “参数”: 从“double”到“T”截断
D:\tinyraytracer_learn\tinyraytracer.cpp(22,59): warning C4305:         with
D:\tinyraytracer_learn\tinyraytracer.cpp(22,59): warning C4305:         [
D:\tinyraytracer_learn\tinyraytracer.cpp(22,59): warning C4305:             T=float
D:\tinyraytracer_learn\tinyraytracer.cpp(22,59): warning C4305:         ]
D:\tinyraytracer_learn\tinyraytracer.cpp(22,37): warning C4305: “参数”: 从“double”到“T”截断
D:\tinyraytracer_learn\tinyraytracer.cpp(22,37): warning C4305:         with
D:\tinyraytracer_learn\tinyraytracer.cpp(22,37): warning C4305:         [
D:\tinyraytracer_learn\tinyraytracer.cpp(22,37): warning C4305:             T=float
D:\tinyraytracer_learn\tinyraytracer.cpp(22,37): warning C4305:         ]
D:\tinyraytracer_learn\tinyraytracer.cpp(22,32): warning C4305: “参数”: 从“double”到“T”截断
D:\tinyraytracer_learn\tinyraytracer.cpp(22,32): warning C4305:         with
D:\tinyraytracer_learn\tinyraytracer.cpp(22,32): warning C4305:         [
D:\tinyraytracer_learn\tinyraytracer.cpp(22,32): warning C4305:             T=float
D:\tinyraytracer_learn\tinyraytracer.cpp(22,32): warning C4305:         ]
D:\tinyraytracer_learn\tinyraytracer.cpp(22,27): warning C4305: “参数”: 从“double”到“T”截断
D:\tinyraytracer_learn\tinyraytracer.cpp(22,27): warning C4305:         with
D:\tinyraytracer_learn\tinyraytracer.cpp(22,27): warning C4305:         [
D:\tinyraytracer_learn\tinyraytracer.cpp(22,27): warning C4305:             T=float
D:\tinyraytracer_learn\tinyraytracer.cpp(22,27): warning C4305:         ]
D:\tinyraytracer_learn\tinyraytracer.cpp(23,54): warning C4305: “参数”: 从“double”到“T”截断
D:\tinyraytracer_learn\tinyraytracer.cpp(23,54): warning C4305:         with
D:\tinyraytracer_learn\tinyraytracer.cpp(23,54): warning C4305:         [
D:\tinyraytracer_learn\tinyraytracer.cpp(23,54): warning C4305:             T=float
D:\tinyraytracer_learn\tinyraytracer.cpp(23,54): warning C4305:         ]
D:\tinyraytracer_learn\tinyraytracer.cpp(23,49): warning C4305: “参数”: 从“double”到“T”截断
D:\tinyraytracer_learn\tinyraytracer.cpp(23,49): warning C4305:         with
D:\tinyraytracer_learn\tinyraytracer.cpp(23,49): warning C4305:         [
D:\tinyraytracer_learn\tinyraytracer.cpp(23,49): warning C4305:             T=float
D:\tinyraytracer_learn\tinyraytracer.cpp(23,49): warning C4305:         ]
D:\tinyraytracer_learn\tinyraytracer.cpp(23,37): warning C4305: “参数”: 从“double”到“T”截断
D:\tinyraytracer_learn\tinyraytracer.cpp(23,37): warning C4305:         with
D:\tinyraytracer_learn\tinyraytracer.cpp(23,37): warning C4305:         [
D:\tinyraytracer_learn\tinyraytracer.cpp(23,37): warning C4305:             T=float
D:\tinyraytracer_learn\tinyraytracer.cpp(23,37): warning C4305:         ]
D:\tinyraytracer_learn\tinyraytracer.cpp(23,32): warning C4305: “参数”: 从“double”到“T”截断
D:\tinyraytracer_learn\tinyraytracer.cpp(23,32): warning C4305:         with
D:\tinyraytracer_learn\tinyraytracer.cpp(23,32): warning C4305:         [
D:\tinyraytracer_learn\tinyraytracer.cpp(23,32): warning C4305:             T=float
D:\tinyraytracer_learn\tinyraytracer.cpp(23,32): warning C4305:         ]
D:\tinyraytracer_learn\tinyraytracer.cpp(23,27): warning C4305: “参数”: 从“double”到“T”截断
D:\tinyraytracer_learn\tinyraytracer.cpp(23,27): warning C4305:         with
D:\tinyraytracer_learn\tinyraytracer.cpp(23,27): warning C4305:         [
D:\tinyraytracer_learn\tinyraytracer.cpp(23,27): warning C4305:             T=float
D:\tinyraytracer_learn\tinyraytracer.cpp(23,27): warning C4305:         ]
D:\tinyraytracer_learn\tinyraytracer.cpp(24,60): warning C4305: “参数”: 从“double”到“T”截断
D:\tinyraytracer_learn\tinyraytracer.cpp(24,60): warning C4305:         with
D:\tinyraytracer_learn\tinyraytracer.cpp(24,60): warning C4305:         [
D:\tinyraytracer_learn\tinyraytracer.cpp(24,60): warning C4305:             T=float
D:\tinyraytracer_learn\tinyraytracer.cpp(24,60): warning C4305:         ]
D:\tinyraytracer_learn\tinyraytracer.cpp(85,46): warning C4305: “参数”: 从“double”到“float”截断
D:\tinyraytracer_learn\tinyraytracer.cpp(86,45): warning C4305: “参数”: 从“double”到“float”截断
D:\visual studio\VC\Tools\MSVC\14.42.34433\include\memory(3302,9): warning C5205: 删除具有非虚拟析构函数的抽象类 "Object" 将导致未定义的行为
  (编译源文件“../tinyraytracer.cpp”)
      D:\tinyraytracer_learn\lib\Object.h(5,7):
      参见“Object”的声明
      D:\visual studio\VC\Tools\MSVC\14.42.34433\include\memory(3302,9):
      模板实例化上下文(最早的实例化上下文)为
          D:\tinyraytracer_learn\tinyraytracer.cpp(75,46):
          查看对正在编译的 类 模板 实例化“std::unique_ptr<Object,std::default_delete<Object>>”的引用
          D:\visual studio\VC\Tools\MSVC\14.42.34433\include\memory(3337,92):
          查看对正在编译的 类 模板 实例化“std::default_delete<Object>”的引用
          D:\visual studio\VC\Tools\MSVC\14.42.34433\include\memory(3300,23):
          在编译 类 模板 成员函数“void std::default_delete<Object>::operator ()(_Ty *) noexcept const”时
          with
          [
              _Ty=Object
          ]
              D:\visual studio\VC\Tools\MSVC\14.42.34433\include\memory(3412,33):
              请参阅 "std::unique_ptr<Object,std::default_delete<Object>>::~unique_ptr" 中对 "std::default_delete<Object>::operator ()" 的第一个引用
              D:\tinyraytracer_learn\tinyraytracer.cpp(75,22):
              请参阅 "main" 中对 "std::unique_ptr<Object,std::default_delete<Object>>::~unique_ptr" 的第一个引用
  
D:\tinyraytracer_learn\lib\Object.h(42,3): warning C5267: 已弃用“Plane”的隐式 复制构造函数 定义，因为它具有用户提供的 析构函数
  (编译源文件“../tinyraytracer.cpp”)
      D:\visual studio\VC\Tools\MSVC\14.42.34433\include\memory(3597,35):
      此处首先需要“Plane”的隐式 复制构造函数
      D:\visual studio\VC\Tools\MSVC\14.42.34433\include\memory(3596,88):
      模板实例化上下文(最早的实例化上下文)为
          D:\tinyraytracer_learn\tinyraytracer.cpp(75,28):
          查看对正在编译的函数 模板 实例化“std::unique_ptr<Plane,std::default_delete<Plane>> std::make_unique<Plane,Plane&,0>(Plane &)”的引用
  
D:\tinyraytracer_learn\lib\Object.h(28,3): warning C5267: 已弃用“Sphere”的隐式 复制构造函数 定义，因为它具有用户提供的 析构函数
  (编译源文件“../tinyraytracer.cpp”)
      D:\visual studio\VC\Tools\MSVC\14.42.34433\include\memory(3597,35):
      此处首先需要“Sphere”的隐式 复制构造函数
      D:\visual studio\VC\Tools\MSVC\14.42.34433\include\memory(3596,88):
      模板实例化上下文(最早的实例化上下文)为
          D:\tinyraytracer_learn\tinyraytracer.cpp(77,28):
          查看对正在编译的函数 模板 实例化“std::unique_ptr<Sphere,std::default_delete<Sphere>> std::make_unique<Sphere,Sphere&,0>(Sphere &)”的引用
  
D:\tinyraytracer_learn\lib\Object.h(10,3): warning C5267: 已弃用“Object”的隐式 复制构造函数 定义，因为它具有用户提供的 析构函数
  (编译源文件“../tinyraytracer.cpp”)
      D:\tinyraytracer_learn\lib\Object.h(53,1):
      此处首先需要“Object”的隐式 复制构造函数
      D:\tinyraytracer_learn\lib\Object.h(53,1):
      此诊断出现在编译器生成的函数“Plane::Plane(const Plane &)”中
      D:\visual studio\VC\Tools\MSVC\14.42.34433\include\memory(3597,35):
      参见对函数 "Plane::Plane(const Plane &)" 的引用
  
D:\tinyraytracer_learn\lib\Material.h(8,3): warning C5267: 已弃用“Material”的隐式 复制构造函数 定义，因为它具有用户提供的 析构函数
  (编译源文件“../tinyraytracer.cpp”)
      D:\tinyraytracer_learn\lib\Object.h(53,1):
      此处首先需要“Material”的隐式 复制构造函数
      D:\tinyraytracer_learn\lib\Object.h(53,1):
      此诊断出现在编译器生成的函数“Plane::Plane(const Plane &)”中
      D:\visual studio\VC\Tools\MSVC\14.42.34433\include\memory(3597,35):
      参见对函数 "Plane::Plane(const Plane &)" 的引用
  
D:\tinyraytracer_learn\lib\Light.h(8,3): warning C5267: 已弃用“Light”的隐式 复制构造函数 定义，因为它具有用户提供的 析构函数
  (编译源文件“../tinyraytracer.cpp”)
      D:\visual studio\VC\Tools\MSVC\14.42.34433\include\xutility(406,61):
      此处首先需要“Light”的隐式 复制构造函数
      D:\visual studio\VC\Tools\MSVC\14.42.34433\include\xutility(399,49):
      模板实例化上下文(最早的实例化上下文)为
          D:\tinyraytracer_learn\tinyraytracer.cpp(83,24):
          查看对正在编译的 类 模板 实例化“std::vector<Light,std::allocator<Light>>”的引用
          D:\visual studio\VC\Tools\MSVC\14.42.34433\include\vector(866,23):
          在编译 类 模板 成员函数“void std::vector<Light,std::allocator<Light>>::push_back(const _Ty &)”时
          with
          [
              _Ty=Light
          ]
              D:\tinyraytracer_learn\tinyraytracer.cpp(87,21):
              请参阅 "main" 中对 "std::vector<Light,std::allocator<Light>>::push_back" 的第一个引用
          D:\visual studio\VC\Tools\MSVC\14.42.34433\include\vector(867,9):
          查看对正在编译的函数 模板 实例化“_Ty &std::vector<_Ty,std::allocator<_Ty>>::_Emplace_one_at_back<const _Ty&>(const _Ty &)”的引用
          with
          [
              _Ty=Light
          ]
          D:\visual studio\VC\Tools\MSVC\14.42.34433\include\vector(776,20):
          查看对正在编译的函数 模板 实例化“_Ty &std::vector<_Ty,std::allocator<_Ty>>::_Emplace_back_with_unused_capacity<const _Ty&>(const _Ty &)”的引用
          with
          [
              _Ty=Light
          ]
          D:\visual studio\VC\Tools\MSVC\14.42.34433\include\vector(791,18):
          查看对正在编译的函数 模板 实例化“void std::_Construct_in_place<Light,const _Ty&>(_Ty &,const _Ty &) noexcept”的引用
          with
          [
              _Ty=Light
          ]
  
D:\tinyraytracer_learn\lib\Material.h(7,2): warning C4514: “Material::Material”: 未引用的内联函数已移除
  (编译源文件“../tinyraytracer.cpp”)
  
D:\tinyraytracer_learn\lib\Material.h(9,2): warning C4514: “Material::Material”: 未引用的内联函数已移除
  (编译源文件“../tinyraytracer.cpp”)
  
D:\tinyraytracer_learn\lib\Light.h(7,2): warning C4514: “Light::Light”: 未引用的内联函数已移除
  (编译源文件“../tinyraytracer.cpp”)
  
D:\tinyraytracer_learn\lib\stb_image.h(1009,1): warning C5045: 如果指定了 /Qspectre 开关，编译器会插入内存负载的 Spectre 缓解 
D:\tinyraytracer_learn\lib\stb_image.h(1009,1): warning C5045: D:\tinyraytracer_learn\lib\stb_image.h(1004) : 注意: 在此行上通过对比检查索引 "b" 范围
D:\tinyraytracer_learn\lib\stb_image.h(1009,1): warning C5045: D:\tinyraytracer_learn\lib\stb_image.h(1009) : 注意: 此行上的源调用
D:\tinyraytracer_learn\lib\stb_image.h(1019,1): warning C5045: 如果指定了 /Qspectre 开关，编译器会插入内存负载的 Spectre 缓解 
D:\tinyraytracer_learn\lib\stb_image.h(1019,1): warning C5045: D:\tinyraytracer_learn\lib\stb_image.h(1016) : 注意: 在此行上通过对比检查索引 "b" 范围
D:\tinyraytracer_learn\lib\stb_image.h(1019,1): warning C5045: D:\tinyraytracer_learn\lib\stb_image.h(1019) : 注意: 此行上的源调用
D:\tinyraytracer_learn\lib\stb_image.h(1073,1): warning C5045: 如果指定了 /Qspectre 开关，编译器会插入内存负载的 Spectre 缓解 
D:\tinyraytracer_learn\lib\stb_image.h(1073,1): warning C5045: D:\tinyraytracer_learn\lib\stb_image.h(1073) : 注意: 在此行上通过对比检查索引 "b" 范围
D:\tinyraytracer_learn\lib\stb_image.h(1073,1): warning C5045: D:\tinyraytracer_learn\lib\stb_image.h(1073) : 注意: 此行上的源调用
D:\tinyraytracer_learn\lib\stb_image.h(1083,1): warning C5045: 如果指定了 /Qspectre 开关，编译器会插入内存负载的 Spectre 缓解 
D:\tinyraytracer_learn\lib\stb_image.h(1083,1): warning C5045: D:\tinyraytracer_learn\lib\stb_image.h(1082) : 注意: 在此行上通过对比检查索引 "b" 范围
D:\tinyraytracer_learn\lib\stb_image.h(1083,1): warning C5045: D:\tinyraytracer_learn\lib\stb_image.h(1083) : 注意: 此行上的源调用
D:\tinyraytracer_learn\lib\stb_image.h(1082,1): warning C5045: 如果指定了 /Qspectre 开关，编译器会插入内存负载的 Spectre 缓解 
D:\tinyraytracer_learn\lib\stb_image.h(1082,1): warning C5045: D:\tinyraytracer_learn\lib\stb_image.h(1082) : 注意: 在此行上通过对比检查索引 "b" 范围
D:\tinyraytracer_learn\lib\stb_image.h(1082,1): warning C5045: D:\tinyraytracer_learn\lib\stb_image.h(1082) : 注意: 此行上的源调用
D:\tinyraytracer_learn\lib\stb_image.h(1655,1): warning C5045: 如果指定了 /Qspectre 开关，编译器会插入内存负载的 Spectre 缓解 
D:\tinyraytracer_learn\lib\stb_image.h(1655,1): warning C5045: D:\tinyraytracer_learn\lib\stb_image.h(1653) : 注意: 在此行上通过对比检查索引 "blen" 范围
D:\tinyraytracer_learn\lib\stb_image.h(1655,1): warning C5045: D:\tinyraytracer_learn\lib\stb_image.h(1655) : 注意: 此行上的源调用
D:\tinyraytracer_learn\lib\stb_image.h(1678,1): warning C5045: 如果指定了 /Qspectre 开关，编译器会插入内存负载的 Spectre 缓解 
D:\tinyraytracer_learn\lib\stb_image.h(1678,1): warning C5045: D:\tinyraytracer_learn\lib\stb_image.h(1670) : 注意: 在此行上通过对比检查索引 "blen" 范围
D:\tinyraytracer_learn\lib\stb_image.h(1678,1): warning C5045: D:\tinyraytracer_learn\lib\stb_image.h(1678) : 注意: 此行上的源调用
D:\tinyraytracer_learn\lib\stb_image.h(6662,1): warning C5045: 如果指定了 /Qspectre 开关，编译器会插入内存负载的 Spectre 缓解 
D:\tinyraytracer_learn\lib\stb_image.h(6662,1): warning C5045: D:\tinyraytracer_learn\lib\stb_image.h(6661) : 注意: 在此行上通过对比检查索引 "" 范围
D:\tinyraytracer_learn\lib\stb_image.h(6662,1): warning C5045: D:\tinyraytracer_learn\lib\stb_image.h(6662) : 注意: 此行上的源调用
D:\tinyraytracer_learn\lib\stb_image.h(756,1): warning C4711: 为自动内联扩展选定了函数“int __cdecl stbi__cpuid3(void)”
D:\tinyraytracer_learn\lib\stb_image.h(1196,1): warning C4711: 为自动内联扩展选定了函数“void * __ptr64 __cdecl stbi__malloc(unsigned __int64)”
D:\tinyraytracer_learn\lib\stb_image.h(1197,1): warning C4711: 为自动内联扩展选定了函数“int __cdecl stbi__err(char const * __ptr64)”
D:\tinyraytracer_learn\lib\stb_image.h(1212,1): warning C4711: 为自动内联扩展选定了函数“void * __ptr64 __cdecl stbi__malloc(unsigned __int64)”
D:\tinyraytracer_learn\lib\stb_image.h(1213,1): warning C4711: 为自动内联扩展选定了函数“int __cdecl stbi__err(char const * __ptr64)”
D:\tinyraytracer_learn\lib\stb_image.h(2011,1): warning C4711: 为自动内联扩展选定了函数“int __cdecl stbi__err(char const * __ptr64)”
D:\tinyraytracer_learn\lib\stb_image.h(4278,1): warning C4711: 为自动内联扩展选定了函数“int __cdecl stbi__err(char const * __ptr64)”
D:\tinyraytracer_learn\lib\stb_image.h(2025,1): warning C4711: 为自动内联扩展选定了函数“int __cdecl stbi__err(char const * __ptr64)”
D:\tinyraytracer_learn\lib\stb_image.h(4281,1): warning C4711: 为自动内联扩展选定了函数“int __cdecl stbi__err(char const * __ptr64)”
D:\tinyraytracer_learn\lib\stb_image.h(4283,1): warning C4711: 为自动内联扩展选定了函数“int __cdecl stbi__err(char const * __ptr64)”
D:\tinyraytracer_learn\lib\stb_image.h(4288,1): warning C4711: 为自动内联扩展选定了函数“int __cdecl stbi__err(char const * __ptr64)”
D:\tinyraytracer_learn\lib\stb_image.h(6960,1): warning C4711: 为自动内联扩展选定了函数“int __cdecl stbi__err(char const * __ptr64)”
D:\tinyraytracer_learn\lib\stb_image.h(1026,1): warning C4711: 为自动内联扩展选定了函数“int __cdecl stbi__mul2sizes_valid(int,int)”
D:\tinyraytracer_learn\lib\stb_image.h(1026,1): warning C4711: 为自动内联扩展选定了函数“int __cdecl stbi__addsizes_valid(int,int)”
D:\tinyraytracer_learn\lib\stb_image.h(1033,1): warning C4711: 为自动内联扩展选定了函数“int __cdecl stbi__mul2sizes_valid(int,int)”
D:\tinyraytracer_learn\lib\stb_image.h(1033,1): warning C4711: 为自动内联扩展选定了函数“int __cdecl stbi__mul2sizes_valid(int,int)”
D:\tinyraytracer_learn\lib\stb_image.h(1033,1): warning C4711: 为自动内联扩展选定了函数“int __cdecl stbi__addsizes_valid(int,int)”
D:\tinyraytracer_learn\lib\stb_image.h(1041,1): warning C4711: 为自动内联扩展选定了函数“int __cdecl stbi__mul2sizes_valid(int,int)”
D:\tinyraytracer_learn\lib\stb_image.h(1041,1): warning C4711: 为自动内联扩展选定了函数“int __cdecl stbi__mul2sizes_valid(int,int)”
D:\tinyraytracer_learn\lib\stb_image.h(1041,1): warning C4711: 为自动内联扩展选定了函数“int __cdecl stbi__mul2sizes_valid(int,int)”
D:\tinyraytracer_learn\lib\stb_image.h(1041,1): warning C4711: 为自动内联扩展选定了函数“int __cdecl stbi__addsizes_valid(int,int)”
D:\tinyraytracer_learn\lib\stb_image.h(1820,1): warning C4711: 为自动内联扩展选定了函数“void * __ptr64 __cdecl stbi__malloc(unsigned __int64)”
D:\tinyraytracer_learn\lib\stb_image.h(1823,1): warning C4711: 为自动内联扩展选定了函数“int __cdecl stbi__err(char const * __ptr64)”
D:\tinyraytracer_learn\lib\stb_image.h(1842,1): warning C4711: 为自动内联扩展选定了函数“unsigned short __cdecl stbi__compute_y_16(int,int,int)”
D:\tinyraytracer_learn\lib\stb_image.h(1843,1): warning C4711: 为自动内联扩展选定了函数“unsigned short __cdecl stbi__compute_y_16(int,int,int)”
D:\tinyraytracer_learn\lib\stb_image.h(1844,1): warning C4711: 为自动内联扩展选定了函数“unsigned short __cdecl stbi__compute_y_16(int,int,int)”
D:\tinyraytracer_learn\lib\stb_image.h(1845,1): warning C4711: 为自动内联扩展选定了函数“unsigned short __cdecl stbi__compute_y_16(int,int,int)”
D:\tinyraytracer_learn\lib\stb_image.h(1847,1): warning C4711: 为自动内联扩展选定了函数“int __cdecl stbi__err(char const * __ptr64)”
D:\tinyraytracer_learn\lib\stb_image.h(1254,1): warning C4711: 为自动内联扩展选定了函数“void __cdecl stbi__vertical_flip(void * __ptr64,int,int,int)”
D:\tinyraytracer_learn\lib\stb_image.h(3091,1): warning C4711: 为自动内联扩展选定了函数“void __cdecl stbi__jpeg_dequantize(short * __ptr64,unsigned short * __ptr64)”
D:\tinyraytracer_learn\lib\stb_image.h(1847,1): warning C5045: 如果指定了 /Qspectre 开关，编译器会插入内存负载的 Spectre 缓解 
D:\tinyraytracer_learn\lib\stb_image.h(1847,1): warning C5045: D:\tinyraytracer_learn\lib\stb_image.h(1826) : 注意: 在此行上通过对比检查索引 "y" 范围
D:\tinyraytracer_learn\lib\stb_image.h(1847,1): warning C5045: D:\tinyraytracer_learn\lib\stb_image.h(1847) : 注意: 此行上的源调用
D:\tinyraytracer_learn\lib\stb_image.h(1026,1): warning C4711: 为自动内联扩展选定了函数“int __cdecl stbi__mul2sizes_valid(int,int)”
D:\tinyraytracer_learn\lib\stb_image.h(1026,1): warning C4711: 为自动内联扩展选定了函数“int __cdecl stbi__addsizes_valid(int,int)”
D:\tinyraytracer_learn\lib\stb_image.h(1050,1): warning C4711: 为自动内联扩展选定了函数“int __cdecl stbi__mad2sizes_valid(int,int,int)”
D:\tinyraytracer_learn\lib\stb_image.h(1051,1): warning C4711: 为自动内联扩展选定了函数“void * __ptr64 __cdecl stbi__malloc(unsigned __int64)”
D:\tinyraytracer_learn\lib\stb_image.h(1065,1): warning C4711: 为自动内联扩展选定了函数“void * __ptr64 __cdecl stbi__malloc(unsigned __int64)”
D:\tinyraytracer_learn\lib\stb_image.h(1033,1): warning C4711: 为自动内联扩展选定了函数“int __cdecl stbi__mul2sizes_valid(int,int)”
D:\tinyraytracer_learn\lib\stb_image.h(1033,1): warning C4711: 为自动内联扩展选定了函数“int __cdecl stbi__mul2sizes_valid(int,int)”
D:\tinyraytracer_learn\lib\stb_image.h(1033,1): warning C4711: 为自动内联扩展选定了函数“int __cdecl stbi__addsizes_valid(int,int)”
D:\tinyraytracer_learn\lib\stb_image.h(1057,1): warning C4711: 为自动内联扩展选定了函数“int __cdecl stbi__mad3sizes_valid(int,int,int,int)”
D:\tinyraytracer_learn\lib\stb_image.h(1058,1): warning C4711: 为自动内联扩展选定了函数“void * __ptr64 __cdecl stbi__malloc(unsigned __int64)”
D:\tinyraytracer_learn\lib\stb_image.h(879,1): warning C4711: 为自动内联扩展选定了函数“void __cdecl stbi__start_callbacks(struct stbi__context * __ptr64,struct stbi_io_callbacks * __ptr64,void * __ptr64)”
D:\tinyraytracer_learn\lib\stb_image.h(4626,1): warning C4711: 为自动内联扩展选定了函数“int __cdecl stbi__err(char const * __ptr64)”
D:\tinyraytracer_learn\lib\stb_image.h(6740,1): warning C4711: 为自动内联扩展选定了函数“void __cdecl stbi__skip(struct stbi__context * __ptr64,int)”
D:\tinyraytracer_learn\lib\stb_image.h(6742,1): warning C4711: 为自动内联扩展选定了函数“void __cdecl stbi__skip(struct stbi__context * __ptr64,int)”
D:\tinyraytracer_learn\lib\stb_image.h(6746,1): warning C4711: 为自动内联扩展选定了函数“int __cdecl stbi__err(char const * __ptr64)”
D:\tinyraytracer_learn\lib\stb_image.h(6752,1): warning C4711: 为自动内联扩展选定了函数“int __cdecl stbi__err(char const * __ptr64)”
D:\tinyraytracer_learn\lib\stb_image.h(6759,1): warning C4711: 为自动内联扩展选定了函数“int __cdecl stbi__err(char const * __ptr64)”
D:\tinyraytracer_learn\lib\stb_image.h(6770,1): warning C4711: 为自动内联扩展选定了函数“int __cdecl stbi__err(char const * __ptr64)”
D:\tinyraytracer_learn\lib\stb_image.h(6373,1): warning C4711: 为自动内联扩展选定了函数“int __cdecl stbi__err(char const * __ptr64)”
D:\tinyraytracer_learn\lib\stb_image.h(7093,1): warning C4711: 为自动内联扩展选定了函数“void __cdecl stbi__rewind(struct stbi__context * __ptr64)”
D:\tinyraytracer_learn\lib\stb_image.h(7500,1): warning C4711: 为自动内联扩展选定了函数“void __cdecl stbi__rewind(struct stbi__context * __ptr64)”
D:\tinyraytracer_learn\lib\stb_image.h(7551,1): warning C4711: 为自动内联扩展选定了函数“int __cdecl stbi__pnm_isspace(char)”
D:\tinyraytracer_learn\lib\stb_image.h(7571,1): warning C4711: 为自动内联扩展选定了函数“int __cdecl stbi__pnm_isdigit(char)”
D:\tinyraytracer_learn\lib\stb_image.h(7575,1): warning C4711: 为自动内联扩展选定了函数“int __cdecl stbi__err(char const * __ptr64)”
D:\tinyraytracer_learn\lib\stb_image.h(4137,1): warning C4711: 为自动内联扩展选定了函数“int __cdecl stbi__err(char const * __ptr64)”
D:\tinyraytracer_learn\lib\stb_image.h(4145,1): warning C4711: 为自动内联扩展选定了函数“int __cdecl stbi__err(char const * __ptr64)”
D:\tinyraytracer_learn\lib\stb_image.h(4240,1): warning C5045: 如果指定了 /Qspectre 开关，编译器会插入内存负载的 Spectre 缓解 
D:\tinyraytracer_learn\lib\stb_image.h(4240,1): warning C5045: D:\tinyraytracer_learn\lib\stb_image.h(4236) : 注意: 在此行上通过对比检查索引 "b" 范围
D:\tinyraytracer_learn\lib\stb_image.h(4240,1): warning C5045: D:\tinyraytracer_learn\lib\stb_image.h(4240) : 注意: 此行上的源调用
D:\tinyraytracer_learn\lib\stb_image.h(4235,1): warning C5045: 如果指定了 /Qspectre 开关，编译器会插入内存负载的 Spectre 缓解 
D:\tinyraytracer_learn\lib\stb_image.h(4235,1): warning C5045: D:\tinyraytracer_learn\lib\stb_image.h(4233) : 注意: 在此行上通过对比检查索引 "s" 范围
D:\tinyraytracer_learn\lib\stb_image.h(4235,1): warning C5045: D:\tinyraytracer_learn\lib\stb_image.h(4240) : 注意: 此行上的源调用
D:\tinyraytracer_learn\lib\stb_image.h(4444,1): warning C4711: 为自动内联扩展选定了函数“int __cdecl stbi__err(char const * __ptr64)”
D:\tinyraytracer_learn\lib\stb_image.h(4445,1): warning C4711: 为自动内联扩展选定了函数“int __cdecl stbi__err(char const * __ptr64)”
D:\tinyraytracer_learn\lib\stb_image.h(4446,1): warning C4711: 为自动内联扩展选定了函数“int __cdecl stbi__err(char const * __ptr64)”
D:\tinyraytracer_learn\lib\stb_image.h(4447,1): warning C4711: 为自动内联扩展选定了函数“int __cdecl stbi__err(char const * __ptr64)”
D:\visual studio\VC\Tools\MSVC\14.42.34433\include\xmemory(75,1): warning C4710: “__cdecl std::bad_array_new_length::bad_array_new_length(void) __ptr64”: 函数未内联
D:\tinyraytracer_learn\lib\stb_image.h(1026,1): warning C4711: 为自动内联扩展选定了函数“int __cdecl stbi__mul2sizes_valid(int,int)”
D:\tinyraytracer_learn\lib\stb_image.h(1026,1): warning C4711: 为自动内联扩展选定了函数“int __cdecl stbi__addsizes_valid(int,int)”
D:\tinyraytracer_learn\lib\stb_image.h(1050,1): warning C4711: 为自动内联扩展选定了函数“int __cdecl stbi__mad2sizes_valid(int,int,int)”
D:\tinyraytracer_learn\lib\stb_image.h(1051,1): warning C4711: 为自动内联扩展选定了函数“void * __ptr64 __cdecl stbi__malloc(unsigned __int64)”
D:\tinyraytracer_learn\lib\stb_image.h(4961,1): warning C4711: 为自动内联扩展选定了函数“void * __ptr64 __cdecl stbi__malloc_mad2(int,int,int)”
D:\tinyraytracer_learn\lib\stb_image.h(4962,1): warning C4711: 为自动内联扩展选定了函数“int __cdecl stbi__err(char const * __ptr64)”
D:\tinyraytracer_learn\lib\stb_image.h(1041,1): warning C4711: 为自动内联扩展选定了函数“int __cdecl stbi__mul2sizes_valid(int,int)”
D:\tinyraytracer_learn\lib\stb_image.h(1041,1): warning C4711: 为自动内联扩展选定了函数“int __cdecl stbi__mul2sizes_valid(int,int)”
D:\tinyraytracer_learn\lib\stb_image.h(1041,1): warning C4711: 为自动内联扩展选定了函数“int __cdecl stbi__mul2sizes_valid(int,int)”
D:\tinyraytracer_learn\lib\stb_image.h(1041,1): warning C4711: 为自动内联扩展选定了函数“int __cdecl stbi__addsizes_valid(int,int)”
D:\tinyraytracer_learn\lib\stb_image.h(1064,1): warning C4711: 为自动内联扩展选定了函数“int __cdecl stbi__mad4sizes_valid(int,int,int,int,int)”
D:\tinyraytracer_learn\lib\stb_image.h(1065,1): warning C4711: 为自动内联扩展选定了函数“void * __ptr64 __cdecl stbi__malloc(unsigned __int64)”
D:\tinyraytracer_learn\lib\stb_image.h(1863,1): warning C4711: 为自动内联扩展选定了函数“void * __ptr64 __cdecl stbi__malloc_mad4(int,int,int,int,int)”
D:\tinyraytracer_learn\lib\stb_image.h(1033,1): warning C4711: 为自动内联扩展选定了函数“int __cdecl stbi__mul2sizes_valid(int,int)”
D:\tinyraytracer_learn\lib\stb_image.h(1864,1): warning C4711: 为自动内联扩展选定了函数“int __cdecl stbi__err(char const * __ptr64)”
D:\tinyraytracer_learn\lib\stb_image.h(1033,1): warning C4711: 为自动内联扩展选定了函数“int __cdecl stbi__mul2sizes_valid(int,int)”
D:\tinyraytracer_learn\lib\stb_image.h(1033,1): warning C4711: 为自动内联扩展选定了函数“int __cdecl stbi__mul2sizes_valid(int,int)”
D:\tinyraytracer_learn\lib\stb_image.h(1033,1): warning C4711: 为自动内联扩展选定了函数“int __cdecl stbi__mul2sizes_valid(int,int)”
D:\tinyraytracer_learn\lib\stb_image.h(1033,1): warning C4711: 为自动内联扩展选定了函数“int __cdecl stbi__addsizes_valid(int,int)”
D:\tinyraytracer_learn\lib\stb_image.h(1057,1): warning C4711: 为自动内联扩展选定了函数“int __cdecl stbi__mad3sizes_valid(int,int,int,int)”
D:\tinyraytracer_learn\lib\stb_image.h(1033,1): warning C4711: 为自动内联扩展选定了函数“int __cdecl stbi__addsizes_valid(int,int)”
D:\tinyraytracer_learn\lib\stb_image.h(1058,1): warning C4711: 为自动内联扩展选定了函数“void * __ptr64 __cdecl stbi__malloc(unsigned __int64)”
D:\tinyraytracer_learn\lib\stb_image.h(1057,1): warning C4711: 为自动内联扩展选定了函数“int __cdecl stbi__mad3sizes_valid(int,int,int,int)”
D:\tinyraytracer_learn\lib\stb_image.h(1889,1): warning C4711: 为自动内联扩展选定了函数“void * __ptr64 __cdecl stbi__malloc_mad3(int,int,int,int)”
D:\tinyraytracer_learn\lib\stb_image.h(1058,1): warning C4711: 为自动内联扩展选定了函数“void * __ptr64 __cdecl stbi__malloc(unsigned __int64)”
D:\tinyraytracer_learn\lib\stb_image.h(1890,1): warning C4711: 为自动内联扩展选定了函数“int __cdecl stbi__err(char const * __ptr64)”
D:\tinyraytracer_learn\lib\stb_image.h(1763,1): warning C4711: 为自动内联扩展选定了函数“void * __ptr64 __cdecl stbi__malloc_mad3(int,int,int,int)”
D:\tinyraytracer_learn\lib\stb_image.h(1766,1): warning C4711: 为自动内联扩展选定了函数“int __cdecl stbi__err(char const * __ptr64)”
D:\tinyraytracer_learn\lib\stb_image.h(1785,1): warning C4711: 为自动内联扩展选定了函数“unsigned char __cdecl stbi__compute_y(int,int,int)”
D:\tinyraytracer_learn\lib\stb_image.h(1786,1): warning C4711: 为自动内联扩展选定了函数“unsigned char __cdecl stbi__compute_y(int,int,int)”
D:\tinyraytracer_learn\lib\stb_image.h(1787,1): warning C4711: 为自动内联扩展选定了函数“unsigned char __cdecl stbi__compute_y(int,int,int)”
D:\tinyraytracer_learn\lib\stb_image.h(1788,1): warning C4711: 为自动内联扩展选定了函数“unsigned char __cdecl stbi__compute_y(int,int,int)”
D:\tinyraytracer_learn\lib\stb_image.h(1790,1): warning C4711: 为自动内联扩展选定了函数“int __cdecl stbi__err(char const * __ptr64)”
D:\tinyraytracer_learn\lib\stb_image.h(5306,1): warning C4711: 为自动内联扩展选定了函数“void __cdecl stbi__rewind(struct stbi__context * __ptr64)”
D:\tinyraytracer_learn\lib\stb_image.h(1033,1): warning C4711: 为自动内联扩展选定了函数“int __cdecl stbi__mul2sizes_valid(int,int)”
D:\tinyraytracer_learn\lib\stb_image.h(1033,1): warning C4711: 为自动内联扩展选定了函数“int __cdecl stbi__mul2sizes_valid(int,int)”
D:\tinyraytracer_learn\lib\stb_image.h(1033,1): warning C4711: 为自动内联扩展选定了函数“int __cdecl stbi__addsizes_valid(int,int)”
D:\tinyraytracer_learn\lib\stb_image.h(1057,1): warning C4711: 为自动内联扩展选定了函数“int __cdecl stbi__mad3sizes_valid(int,int,int,int)”
D:\tinyraytracer_learn\lib\stb_image.h(1058,1): warning C4711: 为自动内联扩展选定了函数“void * __ptr64 __cdecl stbi__malloc(unsigned __int64)”
D:\tinyraytracer_learn\lib\stb_image.h(4712,1): warning C4711: 为自动内联扩展选定了函数“void * __ptr64 __cdecl stbi__malloc_mad3(int,int,int,int)”
D:\tinyraytracer_learn\lib\stb_image.h(4713,1): warning C4711: 为自动内联扩展选定了函数“int __cdecl stbi__err(char const * __ptr64)”
D:\tinyraytracer_learn\lib\stb_image.h(1033,1): warning C4711: 为自动内联扩展选定了函数“int __cdecl stbi__mul2sizes_valid(int,int)”
D:\tinyraytracer_learn\lib\stb_image.h(1033,1): warning C4711: 为自动内联扩展选定了函数“int __cdecl stbi__mul2sizes_valid(int,int)”
D:\tinyraytracer_learn\lib\stb_image.h(1033,1): warning C4711: 为自动内联扩展选定了函数“int __cdecl stbi__addsizes_valid(int,int)”
D:\tinyraytracer_learn\lib\stb_image.h(4717,1): warning C4711: 为自动内联扩展选定了函数“int __cdecl stbi__mad3sizes_valid(int,int,int,int)”
D:\tinyraytracer_learn\lib\stb_image.h(4717,1): warning C4711: 为自动内联扩展选定了函数“int __cdecl stbi__err(char const * __ptr64)”
D:\tinyraytracer_learn\lib\stb_image.h(1026,1): warning C4711: 为自动内联扩展选定了函数“int __cdecl stbi__mul2sizes_valid(int,int)”
D:\tinyraytracer_learn\lib\stb_image.h(1026,1): warning C4711: 为自动内联扩展选定了函数“int __cdecl stbi__addsizes_valid(int,int)”
D:\tinyraytracer_learn\lib\stb_image.h(4719,1): warning C4711: 为自动内联扩展选定了函数“int __cdecl stbi__mad2sizes_valid(int,int,int)”
D:\tinyraytracer_learn\lib\stb_image.h(4719,1): warning C4711: 为自动内联扩展选定了函数“int __cdecl stbi__err(char const * __ptr64)”
D:\tinyraytracer_learn\lib\stb_image.h(4725,1): warning C4711: 为自动内联扩展选定了函数“int __cdecl stbi__err(char const * __ptr64)”
D:\tinyraytracer_learn\lib\stb_image.h(1026,1): warning C4711: 为自动内联扩展选定了函数“int __cdecl stbi__mul2sizes_valid(int,int)”
D:\tinyraytracer_learn\lib\stb_image.h(1026,1): warning C4711: 为自动内联扩展选定了函数“int __cdecl stbi__addsizes_valid(int,int)”
D:\tinyraytracer_learn\lib\stb_image.h(1050,1): warning C4711: 为自动内联扩展选定了函数“int __cdecl stbi__mad2sizes_valid(int,int,int)”
D:\tinyraytracer_learn\lib\stb_image.h(1051,1): warning C4711: 为自动内联扩展选定了函数“void * __ptr64 __cdecl stbi__malloc(unsigned __int64)”
D:\tinyraytracer_learn\lib\stb_image.h(4728,1): warning C4711: 为自动内联扩展选定了函数“void * __ptr64 __cdecl stbi__malloc_mad2(int,int,int)”
D:\tinyraytracer_learn\lib\stb_image.h(4729,1): warning C4711: 为自动内联扩展选定了函数“int __cdecl stbi__err(char const * __ptr64)”
D:\tinyraytracer_learn\lib\stb_image.h(4747,1): warning C4711: 为自动内联扩展选定了函数“int __cdecl stbi__err(char const * __ptr64)”
D:\tinyraytracer_learn\lib\stb_image.h(4778,1): warning C4711: 为自动内联扩展选定了函数“int __cdecl stbi__paeth(int,int,int)”
D:\tinyraytracer_learn\lib\stb_image.h(5830,1): warning C4711: 为自动内联扩展选定了函数“void __cdecl stbi__skip(struct stbi__context * __ptr64,int)”
D:\tinyraytracer_learn\lib\stb_image.h(5833,1): warning C4711: 为自动内联扩展选定了函数“void __cdecl stbi__skip(struct stbi__context * __ptr64,int)”
D:\tinyraytracer_learn\lib\stb_image.h(5836,1): warning C4711: 为自动内联扩展选定了函数“void __cdecl stbi__skip(struct stbi__context * __ptr64,int)”
D:\tinyraytracer_learn\lib\stb_image.h(5847,1): warning C4711: 为自动内联扩展选定了函数“void __cdecl stbi__rewind(struct stbi__context * __ptr64)”
D:\tinyraytracer_learn\lib\stb_image.h(5762,1): warning C4711: 为自动内联扩展选定了函数“void __cdecl stbi__rewind(struct stbi__context * __ptr64)”
D:\tinyraytracer_learn\lib\stb_image.h(5784,1): warning C4711: 为自动内联扩展选定了函数“void __cdecl stbi__skip(struct stbi__context * __ptr64,int)”
D:\tinyraytracer_learn\lib\stb_image.h(5789,1): warning C4711: 为自动内联扩展选定了函数“void __cdecl stbi__rewind(struct stbi__context * __ptr64)”
D:\tinyraytracer_learn\lib\stb_image.h(5771,1): warning C4711: 为自动内联扩展选定了函数“void __cdecl stbi__skip(struct stbi__context * __ptr64,int)”
D:\tinyraytracer_learn\lib\stb_image.h(5777,1): warning C4711: 为自动内联扩展选定了函数“void __cdecl stbi__skip(struct stbi__context * __ptr64,int)”
D:\tinyraytracer_learn\lib\stb_image.h(5794,1): warning C4711: 为自动内联扩展选定了函数“void __cdecl stbi__rewind(struct stbi__context * __ptr64)”
D:\tinyraytracer_learn\lib\stb_image.h(5768,1): warning C4711: 为自动内联扩展选定了函数“void __cdecl stbi__rewind(struct stbi__context * __ptr64)”
D:\tinyraytracer_learn\lib\stb_image.h(5808,1): warning C4711: 为自动内联扩展选定了函数“int __cdecl stbi__tga_get_comp(int,int,int * __ptr64)”
D:\tinyraytracer_learn\lib\stb_image.h(5811,1): warning C4711: 为自动内联扩展选定了函数“void __cdecl stbi__rewind(struct stbi__context * __ptr64)”
D:\tinyraytracer_learn\lib\stb_image.h(5806,1): warning C4711: 为自动内联扩展选定了函数“int __cdecl stbi__tga_get_comp(int,int,int * __ptr64)”
D:\tinyraytracer_learn\lib\stb_image.h(5781,1): warning C4711: 为自动内联扩展选定了函数“void __cdecl stbi__rewind(struct stbi__context * __ptr64)”
D:\tinyraytracer_learn\lib\stb_image.h(5803,1): warning C4711: 为自动内联扩展选定了函数“void __cdecl stbi__rewind(struct stbi__context * __ptr64)”
D:\tinyraytracer_learn\lib\stb_image.h(5774,1): warning C4711: 为自动内联扩展选定了函数“void __cdecl stbi__rewind(struct stbi__context * __ptr64)”
D:\tinyraytracer_learn\lib\stb_image.h(1790,1): warning C5045: 如果指定了 /Qspectre 开关，编译器会插入内存负载的 Spectre 缓解 
D:\tinyraytracer_learn\lib\stb_image.h(1790,1): warning C5045: D:\tinyraytracer_learn\lib\stb_image.h(1769) : 注意: 在此行上通过对比检查索引 "y" 范围
D:\tinyraytracer_learn\lib\stb_image.h(1790,1): warning C5045: D:\tinyraytracer_learn\lib\stb_image.h(1790) : 注意: 此行上的源调用
D:\tinyraytracer_learn\lib\stb_image.h(1620,1): warning C5045: 如果指定了 /Qspectre 开关，编译器会插入内存负载的 Spectre 缓解 
D:\tinyraytracer_learn\lib\stb_image.h(1620,1): warning C5045: D:\tinyraytracer_learn\lib\stb_image.h(5839) : 注意: 在此行上通过对比检查索引 "" 范围
D:\tinyraytracer_learn\lib\stb_image.h(1620,1): warning C5045: D:\tinyraytracer_learn\lib\stb_image.h(1620) : 注意: 此行上的源内存负载
D:\tinyraytracer_learn\lib\stb_image.h(1617,1): warning C5045: 如果指定了 /Qspectre 开关，编译器会插入内存负载的 Spectre 缓解 
D:\tinyraytracer_learn\lib\stb_image.h(1617,1): warning C5045: D:\tinyraytracer_learn\lib\stb_image.h(5839) : 注意: 在此行上通过对比检查索引 "" 范围
D:\tinyraytracer_learn\lib\stb_image.h(1617,1): warning C5045: D:\tinyraytracer_learn\lib\stb_image.h(1617) : 注意: 此行上的源内存负载
D:\tinyraytracer_learn\lib\stb_image.h(5839,1): warning C5045: 如果指定了 /Qspectre 开关，编译器会插入内存负载的 Spectre 缓解 
D:\tinyraytracer_learn\lib\stb_image.h(5839,1): warning C5045: D:\tinyraytracer_learn\lib\stb_image.h(5838) : 注意: 在此行上通过对比检查索引 "" 范围
D:\tinyraytracer_learn\lib\stb_image.h(5839,1): warning C5045: D:\tinyraytracer_learn\lib\stb_image.h(5839) : 注意: 此行上的源调用
D:\tinyraytracer_learn\lib\stb_image.h(1619,1): warning C5045: 如果指定了 /Qspectre 开关，编译器会插入内存负载的 Spectre 缓解 
D:\tinyraytracer_learn\lib\stb_image.h(1619,1): warning C5045: D:\tinyraytracer_learn\lib\stb_image.h(5793) : 注意: 在此行上通过对比检查索引 "tga_h" 范围
D:\tinyraytracer_learn\lib\stb_image.h(1619,1): warning C5045: D:\tinyraytracer_learn\lib\stb_image.h(1619) : 注意: 此行上的源调用
D:\tinyraytracer_learn\lib\stb_image.h(1620,1): warning C5045: 如果指定了 /Qspectre 开关，编译器会插入内存负载的 Spectre 缓解 
D:\tinyraytracer_learn\lib\stb_image.h(1620,1): warning C5045: D:\tinyraytracer_learn\lib\stb_image.h(5793) : 注意: 在此行上通过对比检查索引 "tga_h" 范围
D:\tinyraytracer_learn\lib\stb_image.h(1620,1): warning C5045: D:\tinyraytracer_learn\lib\stb_image.h(1620) : 注意: 此行上的源内存负载
D:\tinyraytracer_learn\lib\stb_image.h(3151,1): warning C4711: 为自动内联扩展选定了函数“void __cdecl stbi__build_fast_ac(short * __ptr64,struct stbi__huffman * __ptr64)”
D:\tinyraytracer_learn\lib\stb_image.h(3134,1): warning C4711: 为自动内联扩展选定了函数“int __cdecl stbi__err(char const * __ptr64)”
D:\tinyraytracer_learn\lib\stb_image.h(1617,1): warning C5045: 如果指定了 /Qspectre 开关，编译器会插入内存负载的 Spectre 缓解 
D:\tinyraytracer_learn\lib\stb_image.h(1617,1): warning C5045: D:\tinyraytracer_learn\lib\stb_image.h(5793) : 注意: 在此行上通过对比检查索引 "tga_h" 范围
D:\tinyraytracer_learn\lib\stb_image.h(1617,1): warning C5045: D:\tinyraytracer_learn\lib\stb_image.h(1617) : 注意: 此行上的源内存负载
D:\tinyraytracer_learn\lib\stb_image.h(3139,1): warning C4711: 为自动内联扩展选定了函数“int __cdecl stbi__err(char const * __ptr64)”
D:\tinyraytracer_learn\lib\stb_image.h(3118,1): warning C4711: 为自动内联扩展选定了函数“int __cdecl stbi__err(char const * __ptr64)”
D:\tinyraytracer_learn\lib\stb_image.h(3117,1): warning C4711: 为自动内联扩展选定了函数“int __cdecl stbi__err(char const * __ptr64)”
D:\tinyraytracer_learn\lib\stb_image.h(5792,1): warning C5045: 如果指定了 /Qspectre 开关，编译器会插入内存负载的 Spectre 缓解 
D:\tinyraytracer_learn\lib\stb_image.h(5792,1): warning C5045: D:\tinyraytracer_learn\lib\stb_image.h(5788) : 注意: 在此行上通过对比检查索引 "tga_w" 范围
D:\tinyraytracer_learn\lib\stb_image.h(5792,1): warning C5045: D:\tinyraytracer_learn\lib\stb_image.h(5792) : 注意: 此行上的源调用
D:\tinyraytracer_learn\lib\stb_image.h(3104,1): warning C4711: 为自动内联扩展选定了函数“int __cdecl stbi__err(char const * __ptr64)”
D:\tinyraytracer_learn\lib\stb_image.h(3107,1): warning C4711: 为自动内联扩展选定了函数“int __cdecl stbi__err(char const * __ptr64)”
D:\tinyraytracer_learn\lib\stb_image.h(3199,1): warning C4711: 为自动内联扩展选定了函数“int __cdecl stbi__err(char const * __ptr64)”
D:\tinyraytracer_learn\lib\stb_image.h(3162,1): warning C4711: 为自动内联扩展选定了函数“int __cdecl stbi__err(char const * __ptr64)”
D:\tinyraytracer_learn\lib\stb_image.h(3164,1): warning C4711: 为自动内联扩展选定了函数“int __cdecl stbi__err(char const * __ptr64)”
D:\tinyraytracer_learn\lib\stb_image.h(3208,1): warning C4711: 为自动内联扩展选定了函数“int __cdecl stbi__err(char const * __ptr64)”
D:\tinyraytracer_learn\lib\stb_image.h(3209,1): warning C4711: 为自动内联扩展选定了函数“int __cdecl stbi__err(char const * __ptr64)”
D:\tinyraytracer_learn\lib\stb_image.h(3217,1): warning C4711: 为自动内联扩展选定了函数“int __cdecl stbi__err(char const * __ptr64)”
D:\tinyraytracer_learn\lib\stb_image.h(3218,1): warning C4711: 为自动内联扩展选定了函数“int __cdecl stbi__err(char const * __ptr64)”
D:\tinyraytracer_learn\lib\stb_image.h(3231,1): warning C4711: 为自动内联扩展选定了函数“int __cdecl stbi__err(char const * __ptr64)”
D:\tinyraytracer_learn\lib\stb_image.h(3233,1): warning C4711: 为自动内联扩展选定了函数“int __cdecl stbi__err(char const * __ptr64)”
D:\tinyraytracer_learn\lib\stb_image.h(3234,1): warning C4711: 为自动内联扩展选定了函数“int __cdecl stbi__err(char const * __ptr64)”
D:\tinyraytracer_learn\lib\stb_image.h(1026,1): warning C4711: 为自动内联扩展选定了函数“int __cdecl stbi__mul2sizes_valid(int,int)”
D:\tinyraytracer_learn\lib\stb_image.h(1026,1): warning C4711: 为自动内联扩展选定了函数“int __cdecl stbi__addsizes_valid(int,int)”
D:\tinyraytracer_learn\lib\stb_image.h(1050,1): warning C4711: 为自动内联扩展选定了函数“int __cdecl stbi__mad2sizes_valid(int,int,int)”
D:\tinyraytracer_learn\lib\stb_image.h(1051,1): warning C4711: 为自动内联扩展选定了函数“void * __ptr64 __cdecl stbi__malloc(unsigned __int64)”
D:\tinyraytracer_learn\lib\stb_image.h(3337,1): warning C4711: 为自动内联扩展选定了函数“void * __ptr64 __cdecl stbi__malloc_mad2(int,int,int)”
D:\tinyraytracer_learn\lib\stb_image.h(3339,1): warning C4711: 为自动内联扩展选定了函数“int __cdecl stbi__err(char const * __ptr64)”
D:\tinyraytracer_learn\lib\stb_image.h(1033,1): warning C4711: 为自动内联扩展选定了函数“int __cdecl stbi__mul2sizes_valid(int,int)”
D:\tinyraytracer_learn\lib\stb_image.h(1033,1): warning C4711: 为自动内联扩展选定了函数“int __cdecl stbi__mul2sizes_valid(int,int)”
D:\tinyraytracer_learn\lib\stb_image.h(1033,1): warning C4711: 为自动内联扩展选定了函数“int __cdecl stbi__addsizes_valid(int,int)”
D:\tinyraytracer_learn\lib\stb_image.h(1057,1): warning C4711: 为自动内联扩展选定了函数“int __cdecl stbi__mad3sizes_valid(int,int,int,int)”
D:\tinyraytracer_learn\lib\stb_image.h(1058,1): warning C4711: 为自动内联扩展选定了函数“void * __ptr64 __cdecl stbi__malloc(unsigned __int64)”
D:\tinyraytracer_learn\lib\stb_image.h(3346,1): warning C4711: 为自动内联扩展选定了函数“void * __ptr64 __cdecl stbi__malloc_mad3(int,int,int,int)”
D:\tinyraytracer_learn\lib\stb_image.h(3348,1): warning C4711: 为自动内联扩展选定了函数“int __cdecl stbi__err(char const * __ptr64)”
D:\tinyraytracer_learn\lib\stb_image.h(3308,1): warning C4711: 为自动内联扩展选定了函数“int __cdecl stbi__err(char const * __ptr64)”
D:\tinyraytracer_learn\lib\stb_image.h(3268,1): warning C4711: 为自动内联扩展选定了函数“int __cdecl stbi__err(char const * __ptr64)”
D:\tinyraytracer_learn\lib\stb_image.h(3309,1): warning C4711: 为自动内联扩展选定了函数“int __cdecl stbi__err(char const * __ptr64)”
D:\tinyraytracer_learn\lib\stb_image.h(3269,1): warning C4711: 为自动内联扩展选定了函数“int __cdecl stbi__err(char const * __ptr64)”
D:\tinyraytracer_learn\lib\stb_image.h(3291,1): warning C4711: 为自动内联扩展选定了函数“int __cdecl stbi__err(char const * __ptr64)”
D:\tinyraytracer_learn\lib\stb_image.h(3270,1): warning C4711: 为自动内联扩展选定了函数“int __cdecl stbi__err(char const * __ptr64)”
D:\tinyraytracer_learn\lib\stb_image.h(1033,1): warning C4711: 为自动内联扩展选定了函数“int __cdecl stbi__mul2sizes_valid(int,int)”
D:\tinyraytracer_learn\lib\stb_image.h(1033,1): warning C4711: 为自动内联扩展选定了函数“int __cdecl stbi__mul2sizes_valid(int,int)”
D:\tinyraytracer_learn\lib\stb_image.h(1033,1): warning C4711: 为自动内联扩展选定了函数“int __cdecl stbi__addsizes_valid(int,int)”
D:\tinyraytracer_learn\lib\stb_image.h(3298,1): warning C4711: 为自动内联扩展选定了函数“int __cdecl stbi__mad3sizes_valid(int,int,int,int)”
D:\tinyraytracer_learn\lib\stb_image.h(3271,1): warning C4711: 为自动内联扩展选定了函数“int __cdecl stbi__err(char const * __ptr64)”
D:\tinyraytracer_learn\lib\stb_image.h(3298,1): warning C4711: 为自动内联扩展选定了函数“int __cdecl stbi__err(char const * __ptr64)”
D:\tinyraytracer_learn\lib\stb_image.h(3282,1): warning C4711: 为自动内联扩展选定了函数“int __cdecl stbi__err(char const * __ptr64)”
D:\tinyraytracer_learn\lib\stb_image.h(3292,1): warning C4711: 为自动内联扩展选定了函数“int __cdecl stbi__err(char const * __ptr64)”
D:\tinyraytracer_learn\lib\stb_image.h(3272,1): warning C4711: 为自动内联扩展选定了函数“int __cdecl stbi__err(char const * __ptr64)”
D:\tinyraytracer_learn\lib\stb_image.h(3273,1): warning C4711: 为自动内联扩展选定了函数“int __cdecl stbi__err(char const * __ptr64)”
D:\tinyraytracer_learn\lib\stb_image.h(3293,1): warning C4711: 为自动内联扩展选定了函数“int __cdecl stbi__err(char const * __ptr64)”
D:\tinyraytracer_learn\lib\stb_image.h(3275,1): warning C4711: 为自动内联扩展选定了函数“int __cdecl stbi__err(char const * __ptr64)”
D:\tinyraytracer_learn\lib\stb_image.h(4855,1): warning C5045: 如果指定了 /Qspectre 开关，编译器会插入内存负载的 Spectre 缓解 
D:\tinyraytracer_learn\lib\stb_image.h(4855,1): warning C5045: D:\tinyraytracer_learn\lib\stb_image.h(4725) : 注意: 在此行上通过对比检查索引 "" 范围
D:\tinyraytracer_learn\lib\stb_image.h(4855,1): warning C5045: D:\tinyraytracer_learn\lib\stb_image.h(4855) : 注意: 此行上的源调用
D:\tinyraytracer_learn\lib\stb_image.h(4826,1): warning C5045: 如果指定了 /Qspectre 开关，编译器会插入内存负载的 Spectre 缓解 
D:\tinyraytracer_learn\lib\stb_image.h(4826,1): warning C5045: D:\tinyraytracer_learn\lib\stb_image.h(4790) : 注意: 在此行上通过对比检查索引 "depth" 范围
D:\tinyraytracer_learn\lib\stb_image.h(4826,1): warning C5045: D:\tinyraytracer_learn\lib\stb_image.h(4826) : 注意: 此行上的源调用
D:\tinyraytracer_learn\lib\stb_image.h(4824,1): warning C5045: 如果指定了 /Qspectre 开关，编译器会插入内存负载的 Spectre 缓解 
D:\tinyraytracer_learn\lib\stb_image.h(4824,1): warning C5045: D:\tinyraytracer_learn\lib\stb_image.h(4790) : 注意: 在此行上通过对比检查索引 "depth" 范围
D:\tinyraytracer_learn\lib\stb_image.h(4824,1): warning C5045: D:\tinyraytracer_learn\lib\stb_image.h(4824) : 注意: 此行上的源调用
D:\tinyraytracer_learn\lib\stb_image.h(4821,1): warning C5045: 如果指定了 /Qspectre 开关，编译器会插入内存负载的 Spectre 缓解 
D:\tinyraytracer_learn\lib\stb_image.h(4821,1): warning C5045: D:\tinyraytracer_learn\lib\stb_image.h(4790) : 注意: 在此行上通过对比检查索引 "depth" 范围
D:\tinyraytracer_learn\lib\stb_image.h(4821,1): warning C5045: D:\tinyraytracer_learn\lib\stb_image.h(4821) : 注意: 此行上的源调用
D:\tinyraytracer_learn\lib\stb_image.h(987,1): warning C5045: 如果指定了 /Qspectre 开关，编译器会插入内存负载的 Spectre 缓解 
D:\tinyraytracer_learn\lib\stb_image.h(987,1): warning C5045: D:\tinyraytracer_learn\lib\stb_image.h(4725) : 注意: 在此行上通过对比检查索引 "" 范围
D:\tinyraytracer_learn\lib\stb_image.h(987,1): warning C5045: D:\tinyraytracer_learn\lib\stb_image.h(987) : 注意: 此行上的源调用
D:\tinyraytracer_learn\lib\stb_image.h(2054,1): warning C5045: 如果指定了 /Qspectre 开关，编译器会插入内存负载的 Spectre 缓解 
D:\tinyraytracer_learn\lib\stb_image.h(2054,1): warning C5045: D:\tinyraytracer_learn\lib\stb_image.h(3134) : 注意: 在此行上通过对比检查索引 "th" 范围
D:\tinyraytracer_learn\lib\stb_image.h(2054,1): warning C5045: D:\tinyraytracer_learn\lib\stb_image.h(2060) : 注意: 此行上的源内存负载
D:\tinyraytracer_learn\lib\stb_image.h(3195,1): warning C5045: 如果指定了 /Qspectre 开关，编译器会插入内存负载的 Spectre 缓解 
D:\tinyraytracer_learn\lib\stb_image.h(3195,1): warning C5045: D:\tinyraytracer_learn\lib\stb_image.h(3160) : 注意: 在此行上通过对比检查索引 "L" 范围
D:\tinyraytracer_learn\lib\stb_image.h(3195,1): warning C5045: D:\tinyraytracer_learn\lib\stb_image.h(3195) : 注意: 此行上的源调用
D:\tinyraytracer_learn\lib\stb_image.h(2145,1): warning C5045: 如果指定了 /Qspectre 开关，编译器会插入内存负载的 Spectre 缓解 
D:\tinyraytracer_learn\lib\stb_image.h(2145,1): warning C5045: D:\tinyraytracer_learn\lib\stb_image.h(2138) : 注意: 在此行上通过对比检查索引 "c" 范围
D:\tinyraytracer_learn\lib\stb_image.h(2145,1): warning C5045: D:\tinyraytracer_learn\lib\stb_image.h(2145) : 注意: 此行上的源调用
D:\tinyraytracer_learn\lib\stb_image.h(2137,1): warning C5045: 如果指定了 /Qspectre 开关，编译器会插入内存负载的 Spectre 缓解 
D:\tinyraytracer_learn\lib\stb_image.h(2137,1): warning C5045: D:\tinyraytracer_learn\lib\stb_image.h(2133) : 注意: 在此行上通过对比检查索引 "k" 范围
D:\tinyraytracer_learn\lib\stb_image.h(2137,1): warning C5045: D:\tinyraytracer_learn\lib\stb_image.h(2145) : 注意: 此行上的源调用
D:\tinyraytracer_learn\lib\stb_image.h(2114,1): warning C5045: 如果指定了 /Qspectre 开关，编译器会插入内存负载的 Spectre 缓解 
D:\tinyraytracer_learn\lib\stb_image.h(2114,1): warning C5045: D:\tinyraytracer_learn\lib\stb_image.h(2108) : 注意: 在此行上通过对比检查索引 "k" 范围
D:\tinyraytracer_learn\lib\stb_image.h(2114,1): warning C5045: D:\tinyraytracer_learn\lib\stb_image.h(2114) : 注意: 此行上的源调用
D:\tinyraytracer_learn\lib\stb_image.h(2178,1): warning C5045: 如果指定了 /Qspectre 开关，编译器会插入内存负载的 Spectre 缓解 
D:\tinyraytracer_learn\lib\stb_image.h(2178,1): warning C5045: D:\tinyraytracer_learn\lib\stb_image.h(2173) : 注意: 在此行上通过对比检查索引 "n" 范围
D:\tinyraytracer_learn\lib\stb_image.h(2178,1): warning C5045: D:\tinyraytracer_learn\lib\stb_image.h(2178) : 注意: 此行上的源调用
D:\tinyraytracer_learn\lib\stb_image.h(2165,1): warning C5045: 如果指定了 /Qspectre 开关，编译器会插入内存负载的 Spectre 缓解 
D:\tinyraytracer_learn\lib\stb_image.h(2165,1): warning C5045: D:\tinyraytracer_learn\lib\stb_image.h(2158) : 注意: 在此行上通过对比检查索引 "n" 范围
D:\tinyraytracer_learn\lib\stb_image.h(2165,1): warning C5045: D:\tinyraytracer_learn\lib\stb_image.h(2165) : 注意: 此行上的源调用
D:\tinyraytracer_learn\lib\stb_image.h(1620,1): warning C5045: 如果指定了 /Qspectre 开关，编译器会插入内存负载的 Spectre 缓解 
D:\tinyraytracer_learn\lib\stb_image.h(1620,1): warning C5045: D:\tinyraytracer_learn\lib\stb_image.h(3273) : 注意: 在此行上通过对比检查索引 "" 范围
D:\tinyraytracer_learn\lib\stb_image.h(1620,1): warning C5045: D:\tinyraytracer_learn\lib\stb_image.h(1620) : 注意: 此行上的源内存负载
D:\tinyraytracer_learn\lib\stb_image.h(3271,1): warning C5045: 如果指定了 /Qspectre 开关，编译器会插入内存负载的 Spectre 缓解 
D:\tinyraytracer_learn\lib\stb_image.h(3271,1): warning C5045: D:\tinyraytracer_learn\lib\stb_image.h(3268) : 注意: 在此行上通过对比检查索引 "Lf" 范围
D:\tinyraytracer_learn\lib\stb_image.h(3271,1): warning C5045: D:\tinyraytracer_learn\lib\stb_image.h(3271) : 注意: 此行上的源调用
D:\tinyraytracer_learn\lib\stb_image.h(3270,1): warning C5045: 如果指定了 /Qspectre 开关，编译器会插入内存负载的 Spectre 缓解 
D:\tinyraytracer_learn\lib\stb_image.h(3270,1): warning C5045: D:\tinyraytracer_learn\lib\stb_image.h(3268) : 注意: 在此行上通过对比检查索引 "Lf" 范围
D:\tinyraytracer_learn\lib\stb_image.h(3270,1): warning C5045: D:\tinyraytracer_learn\lib\stb_image.h(3270) : 注意: 此行上的源调用
D:\tinyraytracer_learn\lib\stb_image.h(1620,1): warning C5045: 如果指定了 /Qspectre 开关，编译器会插入内存负载的 Spectre 缓解 
D:\tinyraytracer_learn\lib\stb_image.h(1620,1): warning C5045: D:\tinyraytracer_learn\lib\stb_image.h(3268) : 注意: 在此行上通过对比检查索引 "Lf" 范围
D:\tinyraytracer_learn\lib\stb_image.h(1620,1): warning C5045: D:\tinyraytracer_learn\lib\stb_image.h(1620) : 注意: 此行上的源内存负载
D:\tinyraytracer_learn\lib\stb_image.h(1617,1): warning C5045: 如果指定了 /Qspectre 开关，编译器会插入内存负载的 Spectre 缓解 
D:\tinyraytracer_learn\lib\stb_image.h(1617,1): warning C5045: D:\tinyraytracer_learn\lib\stb_image.h(3268) : 注意: 在此行上通过对比检查索引 "Lf" 范围
D:\tinyraytracer_learn\lib\stb_image.h(1617,1): warning C5045: D:\tinyraytracer_learn\lib\stb_image.h(1617) : 注意: 此行上的源内存负载
D:\tinyraytracer_learn\lib\stb_image.h(7433,1): warning C4711: 为自动内联扩展选定了函数“void __cdecl stbi__rewind(struct stbi__context * __ptr64)”
D:\tinyraytracer_learn\lib\stb_image.h(7437,1): warning C4711: 为自动内联扩展选定了函数“void __cdecl stbi__skip(struct stbi__context * __ptr64,int)”
D:\tinyraytracer_learn\lib\stb_image.h(7442,1): warning C4711: 为自动内联扩展选定了函数“void __cdecl stbi__rewind(struct stbi__context * __ptr64)”
D:\tinyraytracer_learn\lib\stb_image.h(7450,1): warning C4711: 为自动内联扩展选定了函数“void __cdecl stbi__skip(struct stbi__context * __ptr64,int)”
D:\tinyraytracer_learn\lib\stb_image.h(7446,1): warning C4711: 为自动内联扩展选定了函数“void __cdecl stbi__rewind(struct stbi__context * __ptr64)”
D:\tinyraytracer_learn\lib\stb_image.h(7466,1): warning C4711: 为自动内联扩展选定了函数“void __cdecl stbi__rewind(struct stbi__context * __ptr64)”
D:\tinyraytracer_learn\lib\stb_image.h(7470,1): warning C4711: 为自动内联扩展选定了函数“void __cdecl stbi__rewind(struct stbi__context * __ptr64)”
D:\tinyraytracer_learn\lib\stb_image.h(6593,1): warning C4711: 为自动内联扩展选定了函数“void __cdecl stbi__rewind(struct stbi__context * __ptr64)”
D:\tinyraytracer_learn\lib\stb_image.h(6454,1): warning C4711: 为自动内联扩展选定了函数“void __cdecl stbi__copyval(int,unsigned char * __ptr64,unsigned char const * __ptr64)”
D:\tinyraytracer_learn\lib\stb_image.h(6446,1): warning C4711: 为自动内联扩展选定了函数“int __cdecl stbi__err(char const * __ptr64)”
D:\tinyraytracer_learn\lib\stb_image.h(6464,1): warning C4711: 为自动内联扩展选定了函数“int __cdecl stbi__err(char const * __ptr64)”
D:\tinyraytracer_learn\lib\stb_image.h(6480,1): warning C4711: 为自动内联扩展选定了函数“void __cdecl stbi__copyval(int,unsigned char * __ptr64,unsigned char const * __ptr64)”
D:\tinyraytracer_learn\lib\stb_image.h(6427,1): warning C4711: 为自动内联扩展选定了函数“int __cdecl stbi__err(char const * __ptr64)”
D:\tinyraytracer_learn\lib\stb_image.h(6474,1): warning C4711: 为自动内联扩展选定了函数“int __cdecl stbi__err(char const * __ptr64)”
D:\tinyraytracer_learn\lib\stb_image.h(6483,1): warning C4711: 为自动内联扩展选定了函数“int __cdecl stbi__err(char const * __ptr64)”
D:\tinyraytracer_learn\lib\stb_image.h(6401,1): warning C4711: 为自动内联扩展选定了函数“int __cdecl stbi__err(char const * __ptr64)”
D:\tinyraytracer_learn\lib\stb_image.h(6412,1): warning C4711: 为自动内联扩展选定了函数“int __cdecl stbi__err(char const * __ptr64)”
D:\tinyraytracer_learn\lib\stb_image.h(6413,1): warning C4711: 为自动内联扩展选定了函数“int __cdecl stbi__err(char const * __ptr64)”
D:\tinyraytracer_learn\lib\stb_image.h(7100,1): warning C4711: 为自动内联扩展选定了函数“void __cdecl stbi__rewind(struct stbi__context * __ptr64)”
D:\tinyraytracer_learn\lib\stb_image.h(7103,1): warning C4711: 为自动内联扩展选定了函数“void __cdecl stbi__rewind(struct stbi__context * __ptr64)”
D:\tinyraytracer_learn\lib\stb_image.h(6612,1): warning C4711: 为自动内联扩展选定了函数“int __cdecl stbi__err(char const * __ptr64)”
D:\tinyraytracer_learn\lib\stb_image.h(6616,1): warning C4711: 为自动内联扩展选定了函数“int __cdecl stbi__err(char const * __ptr64)”
D:\tinyraytracer_learn\lib\stb_image.h(6615,1): warning C4711: 为自动内联扩展选定了函数“int __cdecl stbi__err(char const * __ptr64)”
D:\tinyraytracer_learn\lib\stb_image.h(6626,1): warning C4711: 为自动内联扩展选定了函数“int __cdecl stbi__err(char const * __ptr64)”
D:\tinyraytracer_learn\lib\stb_image.h(6627,1): warning C4711: 为自动内联扩展选定了函数“int __cdecl stbi__err(char const * __ptr64)”
D:\tinyraytracer_learn\lib\stb_image.h(7184,1): warning C4711: 为自动内联扩展选定了函数“int __cdecl stbi__err(char const * __ptr64)”
D:\tinyraytracer_learn\lib\stb_image.h(7189,1): warning C4711: 为自动内联扩展选定了函数“int __cdecl stbi__err(char const * __ptr64)”
D:\tinyraytracer_learn\lib\stb_image.h(7193,1): warning C4711: 为自动内联扩展选定了函数“int __cdecl stbi__err(char const * __ptr64)”
D:\tinyraytracer_learn\lib\stb_image.h(7175,1): warning C4711: 为自动内联扩展选定了函数“int __cdecl stbi__err(char const * __ptr64)”
D:\tinyraytracer_learn\lib\stb_image.h(7197,1): warning C4711: 为自动内联扩展选定了函数“int __cdecl stbi__err(char const * __ptr64)”
D:\tinyraytracer_learn\lib\stb_image.h(7198,1): warning C4711: 为自动内联扩展选定了函数“int __cdecl stbi__err(char const * __ptr64)”
D:\tinyraytracer_learn\lib\stb_image.h(1041,1): warning C4711: 为自动内联扩展选定了函数“int __cdecl stbi__mul2sizes_valid(int,int)”
D:\tinyraytracer_learn\lib\stb_image.h(1041,1): warning C4711: 为自动内联扩展选定了函数“int __cdecl stbi__mul2sizes_valid(int,int)”
D:\tinyraytracer_learn\lib\stb_image.h(1041,1): warning C4711: 为自动内联扩展选定了函数“int __cdecl stbi__mul2sizes_valid(int,int)”
D:\tinyraytracer_learn\lib\stb_image.h(1041,1): warning C4711: 为自动内联扩展选定了函数“int __cdecl stbi__addsizes_valid(int,int)”
D:\tinyraytracer_learn\lib\stb_image.h(7206,1): warning C4711: 为自动内联扩展选定了函数“int __cdecl stbi__mad4sizes_valid(int,int,int,int,int)”
D:\tinyraytracer_learn\lib\stb_image.h(7207,1): warning C4711: 为自动内联扩展选定了函数“int __cdecl stbi__err(char const * __ptr64)”
D:\tinyraytracer_learn\lib\stb_image.h(7212,1): warning C4711: 为自动内联扩展选定了函数“int __cdecl stbi__err(char const * __ptr64)”
D:\tinyraytracer_learn\lib\stb_image.h(7268,1): warning C4711: 为自动内联扩展选定了函数“int __cdecl stbi__err(char const * __ptr64)”
D:\tinyraytracer_learn\lib\stb_image.h(7273,1): warning C4711: 为自动内联扩展选定了函数“int __cdecl stbi__err(char const * __ptr64)”
D:\tinyraytracer_learn\lib\stb_image.h(7250,1): warning C4711: 为自动内联扩展选定了函数“int __cdecl stbi__err(char const * __ptr64)”
D:\tinyraytracer_learn\lib\stb_image.h(1026,1): warning C4711: 为自动内联扩展选定了函数“int __cdecl stbi__mul2sizes_valid(int,int)”
D:\tinyraytracer_learn\lib\stb_image.h(1026,1): warning C4711: 为自动内联扩展选定了函数“int __cdecl stbi__addsizes_valid(int,int)”
D:\tinyraytracer_learn\lib\stb_image.h(1050,1): warning C4711: 为自动内联扩展选定了函数“int __cdecl stbi__mad2sizes_valid(int,int,int)”
D:\tinyraytracer_learn\lib\stb_image.h(1051,1): warning C4711: 为自动内联扩展选定了函数“void * __ptr64 __cdecl stbi__malloc(unsigned __int64)”
D:\tinyraytracer_learn\lib\stb_image.h(7252,1): warning C4711: 为自动内联扩展选定了函数“void * __ptr64 __cdecl stbi__malloc_mad2(int,int,int)”
D:\tinyraytracer_learn\lib\stb_image.h(7255,1): warning C4711: 为自动内联扩展选定了函数“int __cdecl stbi__err(char const * __ptr64)”
D:\tinyraytracer_learn\lib\stb_image.h(6476,1): warning C5045: 如果指定了 /Qspectre 开关，编译器会插入内存负载的 Spectre 缓解 
D:\tinyraytracer_learn\lib\stb_image.h(6476,1): warning C5045: D:\tinyraytracer_learn\lib\stb_image.h(6473) : 注意: 在此行上通过对比检查索引 "count" 范围
D:\tinyraytracer_learn\lib\stb_image.h(6476,1): warning C5045: D:\tinyraytracer_learn\lib\stb_image.h(6476) : 注意: 此行上的源调用
D:\visual studio\VC\Tools\MSVC\14.42.34433\include\xutility(4661,1): warning C4711: 为自动内联扩展选定了函数“struct vec<3,int> * __ptr64 __cdecl std::_Copy_memmove<struct vec<3,int> * __ptr64,struct vec<3,int> * __ptr64>(struct vec<3,int> * __ptr64,struct vec<3,int> * __ptr64,struct vec<3,int> * __ptr64)”
D:\tinyraytracer_learn\lib\stb_image.h(7590,1): warning C4711: 为自动内联扩展选定了函数“void __cdecl stbi__rewind(struct stbi__context * __ptr64)”
D:\tinyraytracer_learn\lib\stb_image.h(7596,1): warning C4711: 为自动内联扩展选定了函数“void __cdecl stbi__rewind(struct stbi__context * __ptr64)”
D:\tinyraytracer_learn\lib\stb_image.h(7607,1): warning C4711: 为自动内联扩展选定了函数“int __cdecl stbi__err(char const * __ptr64)”
D:\tinyraytracer_learn\lib\stb_image.h(7612,1): warning C4711: 为自动内联扩展选定了函数“int __cdecl stbi__err(char const * __ptr64)”
D:\tinyraytracer_learn\lib\stb_image.h(7617,1): warning C4711: 为自动内联扩展选定了函数“int __cdecl stbi__err(char const * __ptr64)”
D:\visual studio\VC\Tools\MSVC\14.42.34433\include\xutility(4661,1): warning C4711: 为自动内联扩展选定了函数“struct vec<3,float> * __ptr64 __cdecl std::_Copy_memmove<struct vec<3,float> * __ptr64,struct vec<3,float> * __ptr64>(struct vec<3,float> * __ptr64,struct vec<3,float> * __ptr64,struct vec<3,float> * __ptr64)”
D:\visual studio\VC\Tools\MSVC\14.42.34433\include\xmemory(85,1): warning C4710: “void __cdecl std::_Throw_bad_array_new_length(void)”: 函数未内联
D:\visual studio\VC\Tools\MSVC\14.42.34433\include\xmemory(85,1): warning C4710: “void __cdecl std::_Throw_bad_array_new_length(void)”: 函数未内联
D:\visual studio\VC\Tools\MSVC\14.42.34433\include\xmemory(85,1): warning C4710: “void __cdecl std::_Throw_bad_array_new_length(void)”: 函数未内联
D:\visual studio\VC\Tools\MSVC\14.42.34433\include\xmemory(155,1): warning C4710: “void __cdecl std::_Throw_bad_array_new_length(void)”: 函数未内联
D:\tinyraytracer_learn\lib\stb_image.h(7286,1): warning C5045: 如果指定了 /Qspectre 开关，编译器会插入内存负载的 Spectre 缓解 
D:\tinyraytracer_learn\lib\stb_image.h(7286,1): warning C5045: D:\tinyraytracer_learn\lib\stb_image.h(7198) : 注意: 在此行上通过对比检查索引 "width" 范围
D:\tinyraytracer_learn\lib\stb_image.h(7286,1): warning C5045: D:\tinyraytracer_learn\lib\stb_image.h(7286) : 注意: 此行上的源调用
D:\tinyraytracer_learn\lib\stb_image.h(7223,1): warning C5045: 如果指定了 /Qspectre 开关，编译器会插入内存负载的 Spectre 缓解 
D:\tinyraytracer_learn\lib\stb_image.h(7223,1): warning C5045: D:\tinyraytracer_learn\lib\stb_image.h(7198) : 注意: 在此行上通过对比检查索引 "width" 范围
D:\tinyraytracer_learn\lib\stb_image.h(7223,1): warning C5045: D:\tinyraytracer_learn\lib\stb_image.h(7223) : 注意: 此行上的源调用
D:\tinyraytracer_learn\lib\stb_image.h(7242,1): warning C5045: 如果指定了 /Qspectre 开关，编译器会插入内存负载的 Spectre 缓解 
D:\tinyraytracer_learn\lib\stb_image.h(7242,1): warning C5045: D:\tinyraytracer_learn\lib\stb_image.h(7230) : 注意: 在此行上通过对比检查索引 "height" 范围
D:\tinyraytracer_learn\lib\stb_image.h(7242,1): warning C5045: D:\tinyraytracer_learn\lib\stb_image.h(7242) : 注意: 此行上的源调用
D:\tinyraytracer_learn\lib\stb_image.h(7250,1): warning C5045: 如果指定了 /Qspectre 开关，编译器会插入内存负载的 Spectre 缓解 
D:\tinyraytracer_learn\lib\stb_image.h(7250,1): warning C5045: D:\tinyraytracer_learn\lib\stb_image.h(7230) : 注意: 在此行上通过对比检查索引 "height" 范围
D:\tinyraytracer_learn\lib\stb_image.h(7250,1): warning C5045: D:\tinyraytracer_learn\lib\stb_image.h(7250) : 注意: 此行上的源调用
D:\tinyraytracer_learn\lib\stb_image.h(7273,1): warning C5045: 如果指定了 /Qspectre 开关，编译器会插入内存负载的 Spectre 缓解 
D:\tinyraytracer_learn\lib\stb_image.h(7273,1): warning C5045: D:\tinyraytracer_learn\lib\stb_image.h(7262) : 注意: 在此行上通过对比检查索引 "nleft" 范围
D:\tinyraytracer_learn\lib\stb_image.h(7273,1): warning C5045: D:\tinyraytracer_learn\lib\stb_image.h(7273) : 注意: 此行上的源调用
D:\tinyraytracer_learn\lib\stb_image.h(7283,1): warning C5045: 如果指定了 /Qspectre 开关，编译器会插入内存负载的 Spectre 缓解 
D:\tinyraytracer_learn\lib\stb_image.h(7283,1): warning C5045: D:\tinyraytracer_learn\lib\stb_image.h(7216) : 注意: 在此行上通过对比检查索引 "width" 范围
D:\tinyraytracer_learn\lib\stb_image.h(7283,1): warning C5045: D:\tinyraytracer_learn\lib\stb_image.h(7283) : 注意: 此行上的源调用
D:\tinyraytracer_learn\lib\stb_image.h(7280,1): warning C5045: 如果指定了 /Qspectre 开关，编译器会插入内存负载的 Spectre 缓解 
D:\tinyraytracer_learn\lib\stb_image.h(7280,1): warning C5045: D:\tinyraytracer_learn\lib\stb_image.h(7279) : 注意: 在此行上通过对比检查索引 "width" 范围
D:\tinyraytracer_learn\lib\stb_image.h(7280,1): warning C5045: D:\tinyraytracer_learn\lib\stb_image.h(7280) : 注意: 此行上的源调用
D:\tinyraytracer_learn\lib\stb_image.h(7268,1): warning C5045: 如果指定了 /Qspectre 开关，编译器会插入内存负载的 Spectre 缓解 
D:\tinyraytracer_learn\lib\stb_image.h(7268,1): warning C5045: D:\tinyraytracer_learn\lib\stb_image.h(7262) : 注意: 在此行上通过对比检查索引 "nleft" 范围
D:\tinyraytracer_learn\lib\stb_image.h(7268,1): warning C5045: D:\tinyraytracer_learn\lib\stb_image.h(7268) : 注意: 此行上的源调用
D:\tinyraytracer_learn\lib\stb_image.h(7254,1): warning C5045: 如果指定了 /Qspectre 开关，编译器会插入内存负载的 Spectre 缓解 
D:\tinyraytracer_learn\lib\stb_image.h(7254,1): warning C5045: D:\tinyraytracer_learn\lib\stb_image.h(7230) : 注意: 在此行上通过对比检查索引 "height" 范围
D:\tinyraytracer_learn\lib\stb_image.h(7254,1): warning C5045: D:\tinyraytracer_learn\lib\stb_image.h(7254) : 注意: 此行上的源调用
D:\tinyraytracer_learn\lib\stb_image.h(987,1): warning C5045: 如果指定了 /Qspectre 开关，编译器会插入内存负载的 Spectre 缓解 
D:\tinyraytracer_learn\lib\stb_image.h(987,1): warning C5045: D:\tinyraytracer_learn\lib\stb_image.h(7216) : 注意: 在此行上通过对比检查索引 "width" 范围
D:\tinyraytracer_learn\lib\stb_image.h(987,1): warning C5045: D:\tinyraytracer_learn\lib\stb_image.h(987) : 注意: 此行上的源调用
D:\tinyraytracer_learn\lib\stb_image.h(7210,1): warning C5045: 如果指定了 /Qspectre 开关，编译器会插入内存负载的 Spectre 缓解 
D:\tinyraytracer_learn\lib\stb_image.h(7210,1): warning C5045: D:\tinyraytracer_learn\lib\stb_image.h(7197) : 注意: 在此行上通过对比检查索引 "height" 范围
D:\tinyraytracer_learn\lib\stb_image.h(7210,1): warning C5045: D:\tinyraytracer_learn\lib\stb_image.h(7210) : 注意: 此行上的源调用
D:\tinyraytracer_learn\lib\stb_image.h(756,1): warning C4711: 为自动内联扩展选定了函数“int __cdecl stbi__cpuid3(void)”
D:\tinyraytracer_learn\lib\stb_image.h(3828,1): warning C4711: 为自动内联扩展选定了函数“int __cdecl stbi__sse2_available(void)”
D:\visual studio\VC\Tools\MSVC\14.42.34433\include\xmemory(55,1): warning C4710: “void __cdecl std::vector<struct vec<3,int>,class std::allocator<struct vec<3,int> > >::_Tidy(void) __ptr64”: 函数未内联
D:\visual studio\VC\Tools\MSVC\14.42.34433\include\vector(761,1): warning C4710: “void __cdecl std::vector<struct vec<3,int>,class std::allocator<struct vec<3,int> > >::_Tidy(void) __ptr64”: 函数未内联
D:\visual studio\VC\Tools\MSVC\14.42.34433\include\vector(761,1): warning C4710: “void __cdecl std::vector<struct vec<3,float>,class std::allocator<struct vec<3,float> > >::_Tidy(void) __ptr64”: 函数未内联
D:\visual studio\VC\Tools\MSVC\14.42.34433\include\xmemory(55,1): warning C4710: “void __cdecl std::vector<struct vec<3,float>,class std::allocator<struct vec<3,float> > >::_Tidy(void) __ptr64”: 函数未内联
D:\tinyraytracer_learn\lib\stb_image.h(5352,1): warning C4711: 为自动内联扩展选定了函数“unsigned int __cdecl stbi__get32le(struct stbi__context * __ptr64)”
D:\tinyraytracer_learn\lib\stb_image.h(5355,1): warning C4711: 为自动内联扩展选定了函数“unsigned int __cdecl stbi__get32le(struct stbi__context * __ptr64)”
D:\tinyraytracer_learn\lib\stb_image.h(5356,1): warning C4711: 为自动内联扩展选定了函数“unsigned int __cdecl stbi__get32le(struct stbi__context * __ptr64)”
D:\tinyraytracer_learn\lib\stb_image.h(4616,1): warning C4711: 为自动内联扩展选定了函数“unsigned int __cdecl stbi__get32be(struct stbi__context * __ptr64)”
D:\tinyraytracer_learn\lib\stb_image.h(4617,1): warning C4711: 为自动内联扩展选定了函数“unsigned int __cdecl stbi__get32be(struct stbi__context * __ptr64)”
D:\tinyraytracer_learn\lib\stb_image.h(5451,1): warning C4711: 为自动内联扩展选定了函数“int __cdecl stbi__err(char const * __ptr64)”
D:\tinyraytracer_learn\lib\stb_image.h(5452,1): warning C4711: 为自动内联扩展选定了函数“unsigned int __cdecl stbi__get32le(struct stbi__context * __ptr64)”
D:\tinyraytracer_learn\lib\stb_image.h(5455,1): warning C4711: 为自动内联扩展选定了函数“unsigned int __cdecl stbi__get32le(struct stbi__context * __ptr64)”
D:\tinyraytracer_learn\lib\stb_image.h(5456,1): warning C4711: 为自动内联扩展选定了函数“unsigned int __cdecl stbi__get32le(struct stbi__context * __ptr64)”
D:\tinyraytracer_learn\lib\stb_image.h(5460,1): warning C4711: 为自动内联扩展选定了函数“int __cdecl stbi__err(char const * __ptr64)”
D:\tinyraytracer_learn\lib\stb_image.h(5470,1): warning C4711: 为自动内联扩展选定了函数“int __cdecl stbi__err(char const * __ptr64)”
D:\tinyraytracer_learn\lib\stb_image.h(5474,1): warning C4711: 为自动内联扩展选定了函数“int __cdecl stbi__err(char const * __ptr64)”
D:\tinyraytracer_learn\lib\stb_image.h(5462,1): warning C4711: 为自动内联扩展选定了函数“int __cdecl stbi__err(char const * __ptr64)”
D:\tinyraytracer_learn\lib\stb_image.h(5475,1): warning C4711: 为自动内联扩展选定了函数“int __cdecl stbi__err(char const * __ptr64)”
D:\tinyraytracer_learn\lib\stb_image.h(5518,1): warning C4711: 为自动内联扩展选定了函数“unsigned int __cdecl stbi__get32le(struct stbi__context * __ptr64)”
D:\tinyraytracer_learn\lib\stb_image.h(5476,1): warning C4711: 为自动内联扩展选定了函数“int __cdecl stbi__err(char const * __ptr64)”
D:\tinyraytracer_learn\lib\stb_image.h(5503,1): warning C4711: 为自动内联扩展选定了函数“int __cdecl stbi__err(char const * __ptr64)”
D:\tinyraytracer_learn\lib\stb_image.h(5509,1): warning C4711: 为自动内联扩展选定了函数“int __cdecl stbi__err(char const * __ptr64)”
D:\tinyraytracer_learn\lib\stb_image.h(5500,1): warning C4711: 为自动内联扩展选定了函数“int __cdecl stbi__err(char const * __ptr64)”
D:\tinyraytracer_learn\lib\stb_image.h(6083,1): warning C4711: 为自动内联扩展选定了函数“unsigned int __cdecl stbi__get32be(struct stbi__context * __ptr64)”
D:\tinyraytracer_learn\lib\stb_image.h(6084,1): warning C4711: 为自动内联扩展选定了函数“void __cdecl stbi__rewind(struct stbi__context * __ptr64)”
D:\tinyraytracer_learn\lib\stb_image.h(7365,1): warning C4711: 为自动内联扩展选定了函数“unsigned int __cdecl stbi__get32be(struct stbi__context * __ptr64)”
D:\tinyraytracer_learn\lib\stb_image.h(7366,1): warning C4711: 为自动内联扩展选定了函数“void __cdecl stbi__rewind(struct stbi__context * __ptr64)”
D:\tinyraytracer_learn\lib\stb_image.h(7370,1): warning C4711: 为自动内联扩展选定了函数“void __cdecl stbi__rewind(struct stbi__context * __ptr64)”
D:\tinyraytracer_learn\lib\stb_image.h(7373,1): warning C4711: 为自动内联扩展选定了函数“void __cdecl stbi__skip(struct stbi__context * __ptr64,int)”
D:\tinyraytracer_learn\lib\stb_image.h(7376,1): warning C4711: 为自动内联扩展选定了函数“void __cdecl stbi__rewind(struct stbi__context * __ptr64)”
D:\tinyraytracer_learn\lib\stb_image.h(7383,1): warning C4711: 为自动内联扩展选定了函数“void __cdecl stbi__rewind(struct stbi__context * __ptr64)”
D:\tinyraytracer_learn\lib\stb_image.h(7387,1): warning C4711: 为自动内联扩展选定了函数“void __cdecl stbi__rewind(struct stbi__context * __ptr64)”
D:\tinyraytracer_learn\lib\stb_image.h(7397,1): warning C4711: 为自动内联扩展选定了函数“unsigned int __cdecl stbi__get32be(struct stbi__context * __ptr64)”
D:\tinyraytracer_learn\lib\stb_image.h(7398,1): warning C4711: 为自动内联扩展选定了函数“void __cdecl stbi__rewind(struct stbi__context * __ptr64)”
D:\tinyraytracer_learn\lib\stb_image.h(7402,1): warning C4711: 为自动内联扩展选定了函数“void __cdecl stbi__rewind(struct stbi__context * __ptr64)”
D:\tinyraytracer_learn\lib\stb_image.h(7405,1): warning C4711: 为自动内联扩展选定了函数“void __cdecl stbi__skip(struct stbi__context * __ptr64,int)”
D:\tinyraytracer_learn\lib\stb_image.h(7408,1): warning C4711: 为自动内联扩展选定了函数“void __cdecl stbi__rewind(struct stbi__context * __ptr64)”
D:\tinyraytracer_learn\lib\stb_image.h(7415,1): warning C4711: 为自动内联扩展选定了函数“void __cdecl stbi__rewind(struct stbi__context * __ptr64)”
D:\tinyraytracer_learn\lib\stb_image.h(7386,1): warning C5045: 如果指定了 /Qspectre 开关，编译器会插入内存负载的 Spectre 缓解 
D:\tinyraytracer_learn\lib\stb_image.h(7386,1): warning C5045: D:\tinyraytracer_learn\lib\stb_image.h(7375) : 注意: 在此行上通过对比检查索引 "channelCount" 范围
D:\tinyraytracer_learn\lib\stb_image.h(7386,1): warning C5045: D:\tinyraytracer_learn\lib\stb_image.h(7386) : 注意: 此行上的源调用
D:\tinyraytracer_learn\lib\stb_image.h(7381,1): warning C5045: 如果指定了 /Qspectre 开关，编译器会插入内存负载的 Spectre 缓解 
D:\tinyraytracer_learn\lib\stb_image.h(7381,1): warning C5045: D:\tinyraytracer_learn\lib\stb_image.h(7375) : 注意: 在此行上通过对比检查索引 "channelCount" 范围
D:\tinyraytracer_learn\lib\stb_image.h(7381,1): warning C5045: D:\tinyraytracer_learn\lib\stb_image.h(7381) : 注意: 此行上的源调用
D:\tinyraytracer_learn\lib\stb_image.h(7413,1): warning C5045: 如果指定了 /Qspectre 开关，编译器会插入内存负载的 Spectre 缓解 
D:\tinyraytracer_learn\lib\stb_image.h(7413,1): warning C5045: D:\tinyraytracer_learn\lib\stb_image.h(7407) : 注意: 在此行上通过对比检查索引 "channelCount" 范围
D:\tinyraytracer_learn\lib\stb_image.h(7413,1): warning C5045: D:\tinyraytracer_learn\lib\stb_image.h(7413) : 注意: 此行上的源调用
D:\tinyraytracer_learn\lib\stb_image.h(5901,1): warning C4711: 为自动内联扩展选定了函数“int __cdecl stbi__err(char const * __ptr64)”
D:\tinyraytracer_learn\lib\stb_image.h(5902,1): warning C4711: 为自动内联扩展选定了函数“int __cdecl stbi__err(char const * __ptr64)”
D:\tinyraytracer_learn\lib\stb_image.h(5913,1): warning C4711: 为自动内联扩展选定了函数“int __cdecl stbi__tga_get_comp(int,int,int * __ptr64)”
D:\tinyraytracer_learn\lib\stb_image.h(5914,1): warning C4711: 为自动内联扩展选定了函数“int __cdecl stbi__tga_get_comp(int,int,int * __ptr64)”
D:\tinyraytracer_learn\lib\stb_image.h(5917,1): warning C4711: 为自动内联扩展选定了函数“int __cdecl stbi__err(char const * __ptr64)”
D:\tinyraytracer_learn\lib\stb_image.h(1033,1): warning C4711: 为自动内联扩展选定了函数“int __cdecl stbi__mul2sizes_valid(int,int)”
D:\tinyraytracer_learn\lib\stb_image.h(1033,1): warning C4711: 为自动内联扩展选定了函数“int __cdecl stbi__mul2sizes_valid(int,int)”
D:\tinyraytracer_learn\lib\stb_image.h(1033,1): warning C4711: 为自动内联扩展选定了函数“int __cdecl stbi__addsizes_valid(int,int)”
D:\tinyraytracer_learn\lib\stb_image.h(5924,1): warning C4711: 为自动内联扩展选定了函数“int __cdecl stbi__mad3sizes_valid(int,int,int,int)”
D:\tinyraytracer_learn\lib\stb_image.h(5925,1): warning C4711: 为自动内联扩展选定了函数“int __cdecl stbi__err(char const * __ptr64)”
D:\tinyraytracer_learn\lib\stb_image.h(1033,1): warning C4711: 为自动内联扩展选定了函数“int __cdecl stbi__mul2sizes_valid(int,int)”
D:\tinyraytracer_learn\lib\stb_image.h(1033,1): warning C4711: 为自动内联扩展选定了函数“int __cdecl stbi__mul2sizes_valid(int,int)”
D:\tinyraytracer_learn\lib\stb_image.h(1033,1): warning C4711: 为自动内联扩展选定了函数“int __cdecl stbi__addsizes_valid(int,int)”
D:\tinyraytracer_learn\lib\stb_image.h(1057,1): warning C4711: 为自动内联扩展选定了函数“int __cdecl stbi__mad3sizes_valid(int,int,int,int)”
D:\tinyraytracer_learn\lib\stb_image.h(1058,1): warning C4711: 为自动内联扩展选定了函数“void * __ptr64 __cdecl stbi__malloc(unsigned __int64)”
D:\tinyraytracer_learn\lib\stb_image.h(5927,1): warning C4711: 为自动内联扩展选定了函数“void * __ptr64 __cdecl stbi__malloc_mad3(int,int,int,int)”
D:\tinyraytracer_learn\lib\stb_image.h(5928,1): warning C4711: 为自动内联扩展选定了函数“int __cdecl stbi__err(char const * __ptr64)”
D:\tinyraytracer_learn\lib\stb_image.h(6008,1): warning C4711: 为自动内联扩展选定了函数“void __cdecl stbi__tga_read_rgb16(struct stbi__context * __ptr64,unsigned char * __ptr64)”
D:\tinyraytracer_learn\lib\stb_image.h(5945,1): warning C4711: 为自动内联扩展选定了函数“int __cdecl stbi__err(char const * __ptr64)”
D:\tinyraytracer_learn\lib\stb_image.h(1026,1): warning C4711: 为自动内联扩展选定了函数“int __cdecl stbi__mul2sizes_valid(int,int)”
D:\tinyraytracer_learn\lib\stb_image.h(5495,1): warning C5045: 如果指定了 /Qspectre 开关，编译器会插入内存负载的 Spectre 缓解 
D:\tinyraytracer_learn\lib\stb_image.h(5495,1): warning C5045: D:\tinyraytracer_learn\lib\stb_image.h(5475) : 注意: 在此行上通过对比检查索引 "compress" 范围
D:\tinyraytracer_learn\lib\stb_image.h(5495,1): warning C5045: D:\tinyraytracer_learn\lib\stb_image.h(5495) : 注意: 此行上的源调用
D:\tinyraytracer_learn\lib\stb_image.h(1026,1): warning C4711: 为自动内联扩展选定了函数“int __cdecl stbi__addsizes_valid(int,int)”
D:\tinyraytracer_learn\lib\stb_image.h(5491,1): warning C5045: 如果指定了 /Qspectre 开关，编译器会插入内存负载的 Spectre 缓解 
D:\tinyraytracer_learn\lib\stb_image.h(5491,1): warning C5045: D:\tinyraytracer_learn\lib\stb_image.h(5475) : 注意: 在此行上通过对比检查索引 "compress" 范围
D:\tinyraytracer_learn\lib\stb_image.h(5491,1): warning C5045: D:\tinyraytracer_learn\lib\stb_image.h(5491) : 注意: 此行上的源调用
D:\tinyraytracer_learn\lib\stb_image.h(1050,1): warning C4711: 为自动内联扩展选定了函数“int __cdecl stbi__mad2sizes_valid(int,int,int)”
D:\tinyraytracer_learn\lib\stb_image.h(5487,1): warning C5045: 如果指定了 /Qspectre 开关，编译器会插入内存负载的 Spectre 缓解 
D:\tinyraytracer_learn\lib\stb_image.h(5487,1): warning C5045: D:\tinyraytracer_learn\lib\stb_image.h(5475) : 注意: 在此行上通过对比检查索引 "compress" 范围
D:\tinyraytracer_learn\lib\stb_image.h(5487,1): warning C5045: D:\tinyraytracer_learn\lib\stb_image.h(5487) : 注意: 此行上的源调用
D:\tinyraytracer_learn\lib\stb_image.h(1051,1): warning C4711: 为自动内联扩展选定了函数“void * __ptr64 __cdecl stbi__malloc(unsigned __int64)”
D:\tinyraytracer_learn\lib\stb_image.h(5523,1): warning C5045: 如果指定了 /Qspectre 开关，编译器会插入内存负载的 Spectre 缓解 
D:\tinyraytracer_learn\lib\stb_image.h(5523,1): warning C5045: D:\tinyraytracer_learn\lib\stb_image.h(5475) : 注意: 在此行上通过对比检查索引 "compress" 范围
D:\tinyraytracer_learn\lib\stb_image.h(5523,1): warning C5045: D:\tinyraytracer_learn\lib\stb_image.h(5523) : 注意: 此行上的源调用
D:\tinyraytracer_learn\lib\stb_image.h(1725,1): warning C5045: 如果指定了 /Qspectre 开关，编译器会插入内存负载的 Spectre 缓解 
D:\tinyraytracer_learn\lib\stb_image.h(1725,1): warning C5045: D:\tinyraytracer_learn\lib\stb_image.h(5475) : 注意: 在此行上通过对比检查索引 "compress" 范围
D:\tinyraytracer_learn\lib\stb_image.h(1725,1): warning C5045: D:\tinyraytracer_learn\lib\stb_image.h(1725) : 注意: 此行上的源调用
D:\tinyraytracer_learn\lib\stb_image.h(5951,1): warning C4711: 为自动内联扩展选定了函数“void * __ptr64 __cdecl stbi__malloc_mad2(int,int,int)”
D:\tinyraytracer_learn\lib\stb_image.h(5954,1): warning C4711: 为自动内联扩展选定了函数“int __cdecl stbi__err(char const * __ptr64)”
D:\tinyraytracer_learn\lib\stb_image.h(5966,1): warning C4711: 为自动内联扩展选定了函数“int __cdecl stbi__err(char const * __ptr64)”
D:\tinyraytracer_learn\lib\stb_image.h(6137,1): warning C4711: 为自动内联扩展选定了函数“unsigned int __cdecl stbi__get32be(struct stbi__context * __ptr64)”
D:\tinyraytracer_learn\lib\stb_image.h(6138,1): warning C4711: 为自动内联扩展选定了函数“int __cdecl stbi__err(char const * __ptr64)”
D:\tinyraytracer_learn\lib\stb_image.h(6142,1): warning C4711: 为自动内联扩展选定了函数“int __cdecl stbi__err(char const * __ptr64)”
D:\tinyraytracer_learn\lib\stb_image.h(6145,1): warning C4711: 为自动内联扩展选定了函数“void __cdecl stbi__skip(struct stbi__context * __ptr64,int)”
D:\tinyraytracer_learn\lib\stb_image.h(6150,1): warning C4711: 为自动内联扩展选定了函数“int __cdecl stbi__err(char const * __ptr64)”
D:\tinyraytracer_learn\lib\stb_image.h(6156,1): warning C4711: 为自动内联扩展选定了函数“int __cdecl stbi__err(char const * __ptr64)”
D:\tinyraytracer_learn\lib\stb_image.h(6157,1): warning C4711: 为自动内联扩展选定了函数“int __cdecl stbi__err(char const * __ptr64)”
D:\tinyraytracer_learn\lib\stb_image.h(6175,1): warning C4711: 为自动内联扩展选定了函数“int __cdecl stbi__err(char const * __ptr64)”
D:\tinyraytracer_learn\lib\stb_image.h(6162,1): warning C4711: 为自动内联扩展选定了函数“int __cdecl stbi__err(char const * __ptr64)”
D:\tinyraytracer_learn\lib\stb_image.h(6192,1): warning C4711: 为自动内联扩展选定了函数“int __cdecl stbi__err(char const * __ptr64)”
D:\tinyraytracer_learn\lib\stb_image.h(1033,1): warning C4711: 为自动内联扩展选定了函数“int __cdecl stbi__mul2sizes_valid(int,int)”
D:\tinyraytracer_learn\lib\stb_image.h(1033,1): warning C4711: 为自动内联扩展选定了函数“int __cdecl stbi__mul2sizes_valid(int,int)”
D:\tinyraytracer_learn\lib\stb_image.h(1033,1): warning C4711: 为自动内联扩展选定了函数“int __cdecl stbi__addsizes_valid(int,int)”
D:\tinyraytracer_learn\lib\stb_image.h(6195,1): warning C4711: 为自动内联扩展选定了函数“int __cdecl stbi__mad3sizes_valid(int,int,int,int)”
D:\tinyraytracer_learn\lib\stb_image.h(6196,1): warning C4711: 为自动内联扩展选定了函数“int __cdecl stbi__err(char const * __ptr64)”
D:\tinyraytracer_learn\lib\stb_image.h(6204,1): warning C4711: 为自动内联扩展选定了函数“void * __ptr64 __cdecl stbi__malloc(unsigned __int64)”
D:\tinyraytracer_learn\lib\stb_image.h(6206,1): warning C4711: 为自动内联扩展选定了函数“int __cdecl stbi__err(char const * __ptr64)”
D:\tinyraytracer_learn\lib\stb_image.h(6239,1): warning C4711: 为自动内联扩展选定了函数“int __cdecl stbi__err(char const * __ptr64)”
D:\tinyraytracer_learn\lib\stb_image.h(1033,1): warning C4711: 为自动内联扩展选定了函数“int __cdecl stbi__mul2sizes_valid(int,int)”
D:\tinyraytracer_learn\lib\stb_image.h(1033,1): warning C4711: 为自动内联扩展选定了函数“int __cdecl stbi__mul2sizes_valid(int,int)”
D:\tinyraytracer_learn\lib\stb_image.h(1033,1): warning C4711: 为自动内联扩展选定了函数“int __cdecl stbi__addsizes_valid(int,int)”
D:\tinyraytracer_learn\lib\stb_image.h(1057,1): warning C4711: 为自动内联扩展选定了函数“int __cdecl stbi__mad3sizes_valid(int,int,int,int)”
D:\tinyraytracer_learn\lib\stb_image.h(1058,1): warning C4711: 为自动内联扩展选定了函数“void * __ptr64 __cdecl stbi__malloc(unsigned __int64)”
D:\tinyraytracer_learn\lib\stb_image.h(6201,1): warning C4711: 为自动内联扩展选定了函数“void * __ptr64 __cdecl stbi__malloc_mad3(int,int,int,int)”
D:\tinyraytracer_learn\lib\stb_image.h(2217,1): warning C4711: 为自动内联扩展选定了函数“int __cdecl stbi__err(char const * __ptr64)”
D:\tinyraytracer_learn\lib\stb_image.h(2223,1): warning C4711: 为自动内联扩展选定了函数“int __cdecl stbi__addints_valid(int,int)”
D:\tinyraytracer_learn\lib\stb_image.h(2223,1): warning C4711: 为自动内联扩展选定了函数“int __cdecl stbi__err(char const * __ptr64)”
D:\tinyraytracer_learn\lib\stb_image.h(2226,1): warning C4711: 为自动内联扩展选定了函数“int __cdecl stbi__err(char const * __ptr64)”
D:\tinyraytracer_learn\lib\stb_image.h(2240,1): warning C4711: 为自动内联扩展选定了函数“int __cdecl stbi__err(char const * __ptr64)”
D:\tinyraytracer_learn\lib\stb_image.h(2248,1): warning C4711: 为自动内联扩展选定了函数“int __cdecl stbi__err(char const * __ptr64)”
D:\tinyraytracer_learn\lib\stb_image.h(2269,1): warning C4711: 为自动内联扩展选定了函数“int __cdecl stbi__err(char const * __ptr64)”
D:\tinyraytracer_learn\lib\stb_image.h(2277,1): warning C4711: 为自动内联扩展选定了函数“int __cdecl stbi__err(char const * __ptr64)”
D:\tinyraytracer_learn\lib\stb_image.h(2280,1): warning C4711: 为自动内联扩展选定了函数“int __cdecl stbi__err(char const * __ptr64)”
D:\tinyraytracer_learn\lib\stb_image.h(2283,1): warning C4711: 为自动内联扩展选定了函数“int __cdecl stbi__err(char const * __ptr64)”
D:\tinyraytracer_learn\lib\stb_image.h(2145,1): warning C5045: 如果指定了 /Qspectre 开关，编译器会插入内存负载的 Spectre 缓解 
D:\tinyraytracer_learn\lib\stb_image.h(2145,1): warning C5045: D:\tinyraytracer_learn\lib\stb_image.h(2138) : 注意: 在此行上通过对比检查索引 "c" 范围
D:\tinyraytracer_learn\lib\stb_image.h(2145,1): warning C5045: D:\tinyraytracer_learn\lib\stb_image.h(2165) : 注意: 此行上的源内存负载
D:\tinyraytracer_learn\lib\stb_image.h(2137,1): warning C5045: 如果指定了 /Qspectre 开关，编译器会插入内存负载的 Spectre 缓解 
D:\tinyraytracer_learn\lib\stb_image.h(2137,1): warning C5045: D:\tinyraytracer_learn\lib\stb_image.h(2133) : 注意: 在此行上通过对比检查索引 "k" 范围
D:\tinyraytracer_learn\lib\stb_image.h(2137,1): warning C5045: D:\tinyraytracer_learn\lib\stb_image.h(2165) : 注意: 此行上的源内存负载
D:\tinyraytracer_learn\lib\stb_image.h(2257,1): warning C5045: 如果指定了 /Qspectre 开关，编译器会插入内存负载的 Spectre 缓解 
D:\tinyraytracer_learn\lib\stb_image.h(2257,1): warning C5045: D:\tinyraytracer_learn\lib\stb_image.h(2248) : 注意: 在此行上通过对比检查索引 "rs" 范围
D:\tinyraytracer_learn\lib\stb_image.h(2257,1): warning C5045: D:\tinyraytracer_learn\lib\stb_image.h(2258) : 注意: 此行上的源内存负载
D:\tinyraytracer_learn\lib\stb_image.h(2114,1): warning C5045: 如果指定了 /Qspectre 开关，编译器会插入内存负载的 Spectre 缓解 
D:\tinyraytracer_learn\lib\stb_image.h(2114,1): warning C5045: D:\tinyraytracer_learn\lib\stb_image.h(2108) : 注意: 在此行上通过对比检查索引 "k" 范围
D:\tinyraytracer_learn\lib\stb_image.h(2114,1): warning C5045: D:\tinyraytracer_learn\lib\stb_image.h(2165) : 注意: 此行上的源内存负载
D:\tinyraytracer_learn\lib\stb_image.h(2145,1): warning C5045: 如果指定了 /Qspectre 开关，编译器会插入内存负载的 Spectre 缓解 
D:\tinyraytracer_learn\lib\stb_image.h(2145,1): warning C5045: D:\tinyraytracer_learn\lib\stb_image.h(2138) : 注意: 在此行上通过对比检查索引 "c" 范围
D:\tinyraytracer_learn\lib\stb_image.h(2145,1): warning C5045: D:\tinyraytracer_learn\lib\stb_image.h(2258) : 注意: 此行上的源内存负载
D:\tinyraytracer_learn\lib\stb_image.h(2137,1): warning C5045: 如果指定了 /Qspectre 开关，编译器会插入内存负载的 Spectre 缓解 
D:\tinyraytracer_learn\lib\stb_image.h(2137,1): warning C5045: D:\tinyraytracer_learn\lib\stb_image.h(2133) : 注意: 在此行上通过对比检查索引 "k" 范围
D:\tinyraytracer_learn\lib\stb_image.h(2137,1): warning C5045: D:\tinyraytracer_learn\lib\stb_image.h(2258) : 注意: 此行上的源内存负载
D:\tinyraytracer_learn\lib\stb_image.h(2114,1): warning C5045: 如果指定了 /Qspectre 开关，编译器会插入内存负载的 Spectre 缓解 
D:\tinyraytracer_learn\lib\stb_image.h(2114,1): warning C5045: D:\tinyraytracer_learn\lib\stb_image.h(2108) : 注意: 在此行上通过对比检查索引 "k" 范围
D:\tinyraytracer_learn\lib\stb_image.h(2114,1): warning C5045: D:\tinyraytracer_learn\lib\stb_image.h(2258) : 注意: 此行上的源内存负载
D:\tinyraytracer_learn\lib\stb_image.h(2244,1): warning C5045: 如果指定了 /Qspectre 开关，编译器会插入内存负载的 Spectre 缓解 
D:\tinyraytracer_learn\lib\stb_image.h(2244,1): warning C5045: D:\tinyraytracer_learn\lib\stb_image.h(2240) : 注意: 在此行上通过对比检查索引 "s" 范围
D:\tinyraytracer_learn\lib\stb_image.h(2244,1): warning C5045: D:\tinyraytracer_learn\lib\stb_image.h(2245) : 注意: 此行上的源内存负载
D:\tinyraytracer_learn\lib\stb_image.h(6073,1): warning C5045: 如果指定了 /Qspectre 开关，编译器会插入内存负载的 Spectre 缓解 
D:\tinyraytracer_learn\lib\stb_image.h(6073,1): warning C5045: D:\tinyraytracer_learn\lib\stb_image.h(5902) : 注意: 在此行上通过对比检查索引 "tga_width" 范围
D:\tinyraytracer_learn\lib\stb_image.h(6073,1): warning C5045: D:\tinyraytracer_learn\lib\stb_image.h(6073) : 注意: 此行上的源调用
D:\tinyraytracer_learn\lib\stb_image.h(6065,1): warning C5045: 如果指定了 /Qspectre 开关，编译器会插入内存负载的 Spectre 缓解 
D:\tinyraytracer_learn\lib\stb_image.h(6065,1): warning C5045: D:\tinyraytracer_learn\lib\stb_image.h(5902) : 注意: 在此行上通过对比检查索引 "tga_width" 范围
D:\tinyraytracer_learn\lib\stb_image.h(6065,1): warning C5045: D:\tinyraytracer_learn\lib\stb_image.h(6065) : 注意: 此行上的源调用
D:\tinyraytracer_learn\lib\stb_image.h(6046,1): warning C5045: 如果指定了 /Qspectre 开关，编译器会插入内存负载的 Spectre 缓解 
D:\tinyraytracer_learn\lib\stb_image.h(6046,1): warning C5045: D:\tinyraytracer_learn\lib\stb_image.h(5902) : 注意: 在此行上通过对比检查索引 "tga_width" 范围
D:\tinyraytracer_learn\lib\stb_image.h(6046,1): warning C5045: D:\tinyraytracer_learn\lib\stb_image.h(6046) : 注意: 此行上的源调用
D:\tinyraytracer_learn\lib\stb_image.h(1620,1): warning C5045: 如果指定了 /Qspectre 开关，编译器会插入内存负载的 Spectre 缓解 
D:\tinyraytracer_learn\lib\stb_image.h(1620,1): warning C5045: D:\tinyraytracer_learn\lib\stb_image.h(5970) : 注意: 在此行上通过对比检查索引 "" 范围
D:\tinyraytracer_learn\lib\stb_image.h(1620,1): warning C5045: D:\tinyraytracer_learn\lib\stb_image.h(1620) : 注意: 此行上的源内存负载
D:\tinyraytracer_learn\lib\stb_image.h(5965,1): warning C5045: 如果指定了 /Qspectre 开关，编译器会插入内存负载的 Spectre 缓解 
D:\tinyraytracer_learn\lib\stb_image.h(5965,1): warning C5045: D:\tinyraytracer_learn\lib\stb_image.h(5902) : 注意: 在此行上通过对比检查索引 "tga_width" 范围
D:\tinyraytracer_learn\lib\stb_image.h(5965,1): warning C5045: D:\tinyraytracer_learn\lib\stb_image.h(5965) : 注意: 此行上的源调用
D:\tinyraytracer_learn\lib\stb_image.h(5963,1): warning C5045: 如果指定了 /Qspectre 开关，编译器会插入内存负载的 Spectre 缓解 
D:\tinyraytracer_learn\lib\stb_image.h(5963,1): warning C5045: D:\tinyraytracer_learn\lib\stb_image.h(5902) : 注意: 在此行上通过对比检查索引 "tga_width" 范围
D:\tinyraytracer_learn\lib\stb_image.h(5963,1): warning C5045: D:\tinyraytracer_learn\lib\stb_image.h(5963) : 注意: 此行上的源调用
D:\tinyraytracer_learn\lib\stb_image.h(5960,1): warning C5045: 如果指定了 /Qspectre 开关，编译器会插入内存负载的 Spectre 缓解 
D:\tinyraytracer_learn\lib\stb_image.h(5960,1): warning C5045: D:\tinyraytracer_learn\lib\stb_image.h(5959) : 注意: 在此行上通过对比检查索引 "tga_palette_len" 范围
D:\tinyraytracer_learn\lib\stb_image.h(5960,1): warning C5045: D:\tinyraytracer_learn\lib\stb_image.h(5960) : 注意: 此行上的源调用
D:\tinyraytracer_learn\lib\stb_image.h(5953,1): warning C5045: 如果指定了 /Qspectre 开关，编译器会插入内存负载的 Spectre 缓解 
D:\tinyraytracer_learn\lib\stb_image.h(5953,1): warning C5045: D:\tinyraytracer_learn\lib\stb_image.h(5902) : 注意: 在此行上通过对比检查索引 "tga_width" 范围
D:\tinyraytracer_learn\lib\stb_image.h(5953,1): warning C5045: D:\tinyraytracer_learn\lib\stb_image.h(5953) : 注意: 此行上的源调用
D:\tinyraytracer_learn\lib\stb_image.h(987,1): warning C5045: 如果指定了 /Qspectre 开关，编译器会插入内存负载的 Spectre 缓解 
D:\tinyraytracer_learn\lib\stb_image.h(987,1): warning C5045: D:\tinyraytracer_learn\lib\stb_image.h(5902) : 注意: 在此行上通过对比检查索引 "tga_width" 范围
D:\tinyraytracer_learn\lib\stb_image.h(987,1): warning C5045: D:\tinyraytracer_learn\lib\stb_image.h(987) : 注意: 此行上的源调用
D:\tinyraytracer_learn\lib\stb_image.h(5949,1): warning C5045: 如果指定了 /Qspectre 开关，编译器会插入内存负载的 Spectre 缓解 
D:\tinyraytracer_learn\lib\stb_image.h(5949,1): warning C5045: D:\tinyraytracer_learn\lib\stb_image.h(5902) : 注意: 在此行上通过对比检查索引 "tga_width" 范围
D:\tinyraytracer_learn\lib\stb_image.h(5949,1): warning C5045: D:\tinyraytracer_learn\lib\stb_image.h(5949) : 注意: 此行上的源调用
D:\tinyraytracer_learn\lib\stb_image.h(5944,1): warning C5045: 如果指定了 /Qspectre 开关，编译器会插入内存负载的 Spectre 缓解 
D:\tinyraytracer_learn\lib\stb_image.h(5944,1): warning C5045: D:\tinyraytracer_learn\lib\stb_image.h(5902) : 注意: 在此行上通过对比检查索引 "tga_width" 范围
D:\tinyraytracer_learn\lib\stb_image.h(5944,1): warning C5045: D:\tinyraytracer_learn\lib\stb_image.h(5944) : 注意: 此行上的源调用
D:\tinyraytracer_learn\lib\stb_image.h(5937,1): warning C5045: 如果指定了 /Qspectre 开关，编译器会插入内存负载的 Spectre 缓解 
D:\tinyraytracer_learn\lib\stb_image.h(5937,1): warning C5045: D:\tinyraytracer_learn\lib\stb_image.h(5934) : 注意: 在此行上通过对比检查索引 "tga_height" 范围
D:\tinyraytracer_learn\lib\stb_image.h(5937,1): warning C5045: D:\tinyraytracer_learn\lib\stb_image.h(5937) : 注意: 此行上的源调用
D:\tinyraytracer_learn\lib\stb_image.h(5931,1): warning C5045: 如果指定了 /Qspectre 开关，编译器会插入内存负载的 Spectre 缓解 
D:\tinyraytracer_learn\lib\stb_image.h(5931,1): warning C5045: D:\tinyraytracer_learn\lib\stb_image.h(5902) : 注意: 在此行上通过对比检查索引 "tga_width" 范围
D:\tinyraytracer_learn\lib\stb_image.h(5931,1): warning C5045: D:\tinyraytracer_learn\lib\stb_image.h(5931) : 注意: 此行上的源调用
D:\tinyraytracer_learn\lib\stb_image.h(2298,1): warning C4711: 为自动内联扩展选定了函数“int __cdecl stbi__err(char const * __ptr64)”
D:\tinyraytracer_learn\lib\stb_image.h(2318,1): warning C4711: 为自动内联扩展选定了函数“int __cdecl stbi__err(char const * __ptr64)”
D:\tinyraytracer_learn\lib\stb_image.h(2325,1): warning C4711: 为自动内联扩展选定了函数“int __cdecl stbi__err(char const * __ptr64)”
D:\tinyraytracer_learn\lib\stb_image.h(2367,1): warning C4711: 为自动内联扩展选定了函数“int __cdecl stbi__err(char const * __ptr64)”
D:\tinyraytracer_learn\lib\stb_image.h(2382,1): warning C4711: 为自动内联扩展选定了函数“int __cdecl stbi__err(char const * __ptr64)”
D:\tinyraytracer_learn\lib\stb_image.h(6543,1): warning C4711: 为自动内联扩展选定了函数“int __cdecl stbi__pic_test_core(struct stbi__context * __ptr64)”
D:\tinyraytracer_learn\lib\stb_image.h(6544,1): warning C4711: 为自动内联扩展选定了函数“void __cdecl stbi__rewind(struct stbi__context * __ptr64)”
D:\tinyraytracer_learn\lib\stb_image.h(6324,1): warning C5045: 如果指定了 /Qspectre 开关，编译器会插入内存负载的 Spectre 缓解 
D:\tinyraytracer_learn\lib\stb_image.h(6324,1): warning C5045: D:\tinyraytracer_learn\lib\stb_image.h(6191) : 注意: 在此行上通过对比检查索引 "compression" 范围
D:\tinyraytracer_learn\lib\stb_image.h(6324,1): warning C5045: D:\tinyraytracer_learn\lib\stb_image.h(6324) : 注意: 此行上的源调用
D:\tinyraytracer_learn\lib\stb_image.h(6317,1): warning C5045: 如果指定了 /Qspectre 开关，编译器会插入内存负载的 Spectre 缓解 
D:\tinyraytracer_learn\lib\stb_image.h(6317,1): warning C5045: D:\tinyraytracer_learn\lib\stb_image.h(6191) : 注意: 在此行上通过对比检查索引 "compression" 范围
D:\tinyraytracer_learn\lib\stb_image.h(6317,1): warning C5045: D:\tinyraytracer_learn\lib\stb_image.h(6317) : 注意: 此行上的源调用
D:\tinyraytracer_learn\lib\stb_image.h(6316,1): warning C5045: 如果指定了 /Qspectre 开关，编译器会插入内存负载的 Spectre 缓解 
D:\tinyraytracer_learn\lib\stb_image.h(6316,1): warning C5045: D:\tinyraytracer_learn\lib\stb_image.h(6191) : 注意: 在此行上通过对比检查索引 "compression" 范围
D:\tinyraytracer_learn\lib\stb_image.h(6316,1): warning C5045: D:\tinyraytracer_learn\lib\stb_image.h(6316) : 注意: 此行上的源调用
D:\tinyraytracer_learn\lib\stb_image.h(6314,1): warning C5045: 如果指定了 /Qspectre 开关，编译器会插入内存负载的 Spectre 缓解 
D:\tinyraytracer_learn\lib\stb_image.h(6314,1): warning C5045: D:\tinyraytracer_learn\lib\stb_image.h(6191) : 注意: 在此行上通过对比检查索引 "compression" 范围
D:\tinyraytracer_learn\lib\stb_image.h(6314,1): warning C5045: D:\tinyraytracer_learn\lib\stb_image.h(6314) : 注意: 此行上的源调用
D:\tinyraytracer_learn\lib\stb_image.h(1620,1): warning C5045: 如果指定了 /Qspectre 开关，编译器会插入内存负载的 Spectre 缓解 
D:\tinyraytracer_learn\lib\stb_image.h(1620,1): warning C5045: D:\tinyraytracer_learn\lib\stb_image.h(6274) : 注意: 在此行上通过对比检查索引 "pixelCount" 范围
D:\tinyraytracer_learn\lib\stb_image.h(1620,1): warning C5045: D:\tinyraytracer_learn\lib\stb_image.h(1620) : 注意: 此行上的源内存负载
D:\tinyraytracer_learn\lib\stb_image.h(6272,1): warning C5045: 如果指定了 /Qspectre 开关，编译器会插入内存负载的 Spectre 缓解 
D:\tinyraytracer_learn\lib\stb_image.h(6272,1): warning C5045: D:\tinyraytracer_learn\lib\stb_image.h(6271) : 注意: 在此行上通过对比检查索引 "pixelCount" 范围
D:\tinyraytracer_learn\lib\stb_image.h(6272,1): warning C5045: D:\tinyraytracer_learn\lib\stb_image.h(6272) : 注意: 此行上的源调用
D:\tinyraytracer_learn\lib\stb_image.h(6267,1): warning C5045: 如果指定了 /Qspectre 开关，编译器会插入内存负载的 Spectre 缓解 
D:\tinyraytracer_learn\lib\stb_image.h(6267,1): warning C5045: D:\tinyraytracer_learn\lib\stb_image.h(6266) : 注意: 在此行上通过对比检查索引 "pixelCount" 范围
D:\tinyraytracer_learn\lib\stb_image.h(6267,1): warning C5045: D:\tinyraytracer_learn\lib\stb_image.h(6267) : 注意: 此行上的源调用
D:\tinyraytracer_learn\lib\stb_image.h(6238,1): warning C5045: 如果指定了 /Qspectre 开关，编译器会插入内存负载的 Spectre 缓解 
D:\tinyraytracer_learn\lib\stb_image.h(6238,1): warning C5045: D:\tinyraytracer_learn\lib\stb_image.h(6231) : 注意: 在此行上通过对比检查索引 "channelCount" 范围
D:\tinyraytracer_learn\lib\stb_image.h(6238,1): warning C5045: D:\tinyraytracer_learn\lib\stb_image.h(6238) : 注意: 此行上的源调用
D:\tinyraytracer_learn\lib\stb_image.h(6237,1): warning C5045: 如果指定了 /Qspectre 开关，编译器会插入内存负载的 Spectre 缓解 
D:\tinyraytracer_learn\lib\stb_image.h(6237,1): warning C5045: D:\tinyraytracer_learn\lib\stb_image.h(6231) : 注意: 在此行上通过对比检查索引 "channelCount" 范围
D:\tinyraytracer_learn\lib\stb_image.h(6237,1): warning C5045: D:\tinyraytracer_learn\lib\stb_image.h(6237) : 注意: 此行上的源调用
D:\tinyraytracer_learn\lib\stb_image.h(6224,1): warning C5045: 如果指定了 /Qspectre 开关，编译器会插入内存负载的 Spectre 缓解 
D:\tinyraytracer_learn\lib\stb_image.h(6224,1): warning C5045: D:\tinyraytracer_learn\lib\stb_image.h(6191) : 注意: 在此行上通过对比检查索引 "compression" 范围
D:\tinyraytracer_learn\lib\stb_image.h(6224,1): warning C5045: D:\tinyraytracer_learn\lib\stb_image.h(6224) : 注意: 此行上的源调用
D:\tinyraytracer_learn\lib\stb_image.h(987,1): warning C5045: 如果指定了 /Qspectre 开关，编译器会插入内存负载的 Spectre 缓解 
D:\tinyraytracer_learn\lib\stb_image.h(987,1): warning C5045: D:\tinyraytracer_learn\lib\stb_image.h(6191) : 注意: 在此行上通过对比检查索引 "compression" 范围
D:\tinyraytracer_learn\lib\stb_image.h(987,1): warning C5045: D:\tinyraytracer_learn\lib\stb_image.h(987) : 注意: 此行上的源调用
D:\tinyraytracer_learn\lib\stb_image.h(6190,1): warning C5045: 如果指定了 /Qspectre 开关，编译器会插入内存负载的 Spectre 缓解 
D:\tinyraytracer_learn\lib\stb_image.h(6190,1): warning C5045: D:\tinyraytracer_learn\lib\stb_image.h(6157) : 注意: 在此行上通过对比检查索引 "w" 范围
D:\tinyraytracer_learn\lib\stb_image.h(6190,1): warning C5045: D:\tinyraytracer_learn\lib\stb_image.h(6190) : 注意: 此行上的源调用
D:\tinyraytracer_learn\lib\stb_image.h(6174,1): warning C5045: 如果指定了 /Qspectre 开关，编译器会插入内存负载的 Spectre 缓解 
D:\tinyraytracer_learn\lib\stb_image.h(6174,1): warning C5045: D:\tinyraytracer_learn\lib\stb_image.h(6157) : 注意: 在此行上通过对比检查索引 "w" 范围
D:\tinyraytracer_learn\lib\stb_image.h(6174,1): warning C5045: D:\tinyraytracer_learn\lib\stb_image.h(6174) : 注意: 此行上的源调用
D:\tinyraytracer_learn\lib\stb_image.h(6160,1): warning C5045: 如果指定了 /Qspectre 开关，编译器会插入内存负载的 Spectre 缓解 
D:\tinyraytracer_learn\lib\stb_image.h(6160,1): warning C5045: D:\tinyraytracer_learn\lib\stb_image.h(6157) : 注意: 在此行上通过对比检查索引 "w" 范围
D:\tinyraytracer_learn\lib\stb_image.h(6160,1): warning C5045: D:\tinyraytracer_learn\lib\stb_image.h(6160) : 注意: 此行上的源调用
D:\tinyraytracer_learn\lib\stb_image.h(6154,1): warning C5045: 如果指定了 /Qspectre 开关，编译器会插入内存负载的 Spectre 缓解 
D:\tinyraytracer_learn\lib\stb_image.h(6154,1): warning C5045: D:\tinyraytracer_learn\lib\stb_image.h(6149) : 注意: 在此行上通过对比检查索引 "channelCount" 范围
D:\tinyraytracer_learn\lib\stb_image.h(6154,1): warning C5045: D:\tinyraytracer_learn\lib\stb_image.h(6154) : 注意: 此行上的源调用
D:\tinyraytracer_learn\lib\stb_image.h(7301,1): warning C4711: 为自动内联扩展选定了函数“void __cdecl stbi__rewind(struct stbi__context * __ptr64)”
D:\tinyraytracer_learn\lib\stb_image.h(7312,1): warning C4711: 为自动内联扩展选定了函数“void __cdecl stbi__rewind(struct stbi__context * __ptr64)”
D:\tinyraytracer_learn\lib\stb_image.h(7317,1): warning C4711: 为自动内联扩展选定了函数“void __cdecl stbi__rewind(struct stbi__context * __ptr64)”
D:\tinyraytracer_learn\lib\stb_image.h(7324,1): warning C4711: 为自动内联扩展选定了函数“void __cdecl stbi__rewind(struct stbi__context * __ptr64)”
D:\tinyraytracer_learn\lib\stb_image.h(2145,1): warning C5045: 如果指定了 /Qspectre 开关，编译器会插入内存负载的 Spectre 缓解 
D:\tinyraytracer_learn\lib\stb_image.h(2145,1): warning C5045: D:\tinyraytracer_learn\lib\stb_image.h(2138) : 注意: 在此行上通过对比检查索引 "c" 范围
D:\tinyraytracer_learn\lib\stb_image.h(2145,1): warning C5045: D:\tinyraytracer_learn\lib\stb_image.h(2175) : 注意: 此行上的源内存负载
D:\tinyraytracer_learn\lib\stb_image.h(2137,1): warning C5045: 如果指定了 /Qspectre 开关，编译器会插入内存负载的 Spectre 缓解 
D:\tinyraytracer_learn\lib\stb_image.h(2137,1): warning C5045: D:\tinyraytracer_learn\lib\stb_image.h(2133) : 注意: 在此行上通过对比检查索引 "k" 范围
D:\tinyraytracer_learn\lib\stb_image.h(2137,1): warning C5045: D:\tinyraytracer_learn\lib\stb_image.h(2175) : 注意: 此行上的源内存负载
D:\tinyraytracer_learn\lib\stb_image.h(2114,1): warning C5045: 如果指定了 /Qspectre 开关，编译器会插入内存负载的 Spectre 缓解 
D:\tinyraytracer_learn\lib\stb_image.h(2114,1): warning C5045: D:\tinyraytracer_learn\lib\stb_image.h(2108) : 注意: 在此行上通过对比检查索引 "k" 范围
D:\tinyraytracer_learn\lib\stb_image.h(2114,1): warning C5045: D:\tinyraytracer_learn\lib\stb_image.h(2175) : 注意: 此行上的源内存负载
D:\tinyraytracer_learn\lib\stb_image.h(2339,1): warning C5045: 如果指定了 /Qspectre 开关，编译器会插入内存负载的 Spectre 缓解 
D:\tinyraytracer_learn\lib\stb_image.h(2339,1): warning C5045: D:\tinyraytracer_learn\lib\stb_image.h(2325) : 注意: 在此行上通过对比检查索引 "rs" 范围
D:\tinyraytracer_learn\lib\stb_image.h(2339,1): warning C5045: D:\tinyraytracer_learn\lib\stb_image.h(2340) : 注意: 此行上的源内存负载
D:\tinyraytracer_learn\lib\stb_image.h(2145,1): warning C5045: 如果指定了 /Qspectre 开关，编译器会插入内存负载的 Spectre 缓解 
D:\tinyraytracer_learn\lib\stb_image.h(2145,1): warning C5045: D:\tinyraytracer_learn\lib\stb_image.h(2138) : 注意: 在此行上通过对比检查索引 "c" 范围
D:\tinyraytracer_learn\lib\stb_image.h(2145,1): warning C5045: D:\tinyraytracer_learn\lib\stb_image.h(2340) : 注意: 此行上的源内存负载
D:\tinyraytracer_learn\lib\stb_image.h(2137,1): warning C5045: 如果指定了 /Qspectre 开关，编译器会插入内存负载的 Spectre 缓解 
D:\tinyraytracer_learn\lib\stb_image.h(2137,1): warning C5045: D:\tinyraytracer_learn\lib\stb_image.h(2133) : 注意: 在此行上通过对比检查索引 "k" 范围
D:\tinyraytracer_learn\lib\stb_image.h(2137,1): warning C5045: D:\tinyraytracer_learn\lib\stb_image.h(2340) : 注意: 此行上的源内存负载
D:\tinyraytracer_learn\lib\stb_image.h(2114,1): warning C5045: 如果指定了 /Qspectre 开关，编译器会插入内存负载的 Spectre 缓解 
D:\tinyraytracer_learn\lib\stb_image.h(2114,1): warning C5045: D:\tinyraytracer_learn\lib\stb_image.h(2108) : 注意: 在此行上通过对比检查索引 "k" 范围
D:\tinyraytracer_learn\lib\stb_image.h(2114,1): warning C5045: D:\tinyraytracer_learn\lib\stb_image.h(2340) : 注意: 此行上的源内存负载
D:\tinyraytracer_learn\lib\stb_image.h(2321,1): warning C5045: 如果指定了 /Qspectre 开关，编译器会插入内存负载的 Spectre 缓解 
D:\tinyraytracer_learn\lib\stb_image.h(2321,1): warning C5045: D:\tinyraytracer_learn\lib\stb_image.h(2318) : 注意: 在此行上通过对比检查索引 "s" 范围
D:\tinyraytracer_learn\lib\stb_image.h(2321,1): warning C5045: D:\tinyraytracer_learn\lib\stb_image.h(2322) : 注意: 此行上的源内存负载
D:\tinyraytracer_learn\lib\stb_image.h(1521,1): warning C4711: 为自动内联扩展选定了函数“void __cdecl stbi__start_mem(struct stbi__context * __ptr64,unsigned char const * __ptr64,int)”
D:\tinyraytracer_learn\lib\stb_image.h(1619,1): warning C4711: 为自动内联扩展选定了函数“void __cdecl stbi__refill_buffer(struct stbi__context * __ptr64)”
D:\tinyraytracer_learn\lib\stb_image.h(7093,1): warning C4711: 为自动内联扩展选定了函数“void __cdecl stbi__rewind(struct stbi__context * __ptr64)”
D:\tinyraytracer_learn\lib\stb_image.h(7099,1): warning C4711: 为自动内联扩展选定了函数“int __cdecl stbi__hdr_test_core(struct stbi__context * __ptr64,char const * __ptr64)”
D:\tinyraytracer_learn\lib\stb_image.h(7100,1): warning C4711: 为自动内联扩展选定了函数“void __cdecl stbi__rewind(struct stbi__context * __ptr64)”
D:\tinyraytracer_learn\lib\stb_image.h(1619,1): warning C4711: 为自动内联扩展选定了函数“void __cdecl stbi__refill_buffer(struct stbi__context * __ptr64)”
D:\tinyraytracer_learn\lib\stb_image.h(7093,1): warning C4711: 为自动内联扩展选定了函数“void __cdecl stbi__rewind(struct stbi__context * __ptr64)”
D:\tinyraytracer_learn\lib\stb_image.h(7102,1): warning C4711: 为自动内联扩展选定了函数“int __cdecl stbi__hdr_test_core(struct stbi__context * __ptr64,char const * __ptr64)”
D:\tinyraytracer_learn\lib\stb_image.h(7103,1): warning C4711: 为自动内联扩展选定了函数“void __cdecl stbi__rewind(struct stbi__context * __ptr64)”
D:\tinyraytracer_learn\lib\stb_image.h(1522,1): warning C4711: 为自动内联扩展选定了函数“int __cdecl stbi__hdr_test(struct stbi__context * __ptr64)”
D:\tinyraytracer_learn\lib\stb_image.h(844,1): warning C4711: 为自动内联扩展选定了函数“void __cdecl stbi__refill_buffer(struct stbi__context * __ptr64)”
D:\tinyraytracer_learn\lib\stb_image.h(879,1): warning C4711: 为自动内联扩展选定了函数“void __cdecl stbi__start_callbacks(struct stbi__context * __ptr64,struct stbi_io_callbacks * __ptr64,void * __ptr64)”
D:\tinyraytracer_learn\lib\stb_image.h(1548,1): warning C4711: 为自动内联扩展选定了函数“void __cdecl stbi__start_file(struct stbi__context * __ptr64,struct _iobuf * __ptr64)”
D:\tinyraytracer_learn\lib\stb_image.h(1619,1): warning C4711: 为自动内联扩展选定了函数“void __cdecl stbi__refill_buffer(struct stbi__context * __ptr64)”
D:\tinyraytracer_learn\lib\stb_image.h(7093,1): warning C4711: 为自动内联扩展选定了函数“void __cdecl stbi__rewind(struct stbi__context * __ptr64)”
D:\tinyraytracer_learn\lib\stb_image.h(7099,1): warning C4711: 为自动内联扩展选定了函数“int __cdecl stbi__hdr_test_core(struct stbi__context * __ptr64,char const * __ptr64)”
D:\tinyraytracer_learn\lib\stb_image.h(7100,1): warning C4711: 为自动内联扩展选定了函数“void __cdecl stbi__rewind(struct stbi__context * __ptr64)”
D:\tinyraytracer_learn\lib\stb_image.h(1619,1): warning C4711: 为自动内联扩展选定了函数“void __cdecl stbi__refill_buffer(struct stbi__context * __ptr64)”
D:\tinyraytracer_learn\lib\stb_image.h(7093,1): warning C4711: 为自动内联扩展选定了函数“void __cdecl stbi__rewind(struct stbi__context * __ptr64)”
D:\tinyraytracer_learn\lib\stb_image.h(7102,1): warning C4711: 为自动内联扩展选定了函数“int __cdecl stbi__hdr_test_core(struct stbi__context * __ptr64,char const * __ptr64)”
D:\tinyraytracer_learn\lib\stb_image.h(7103,1): warning C4711: 为自动内联扩展选定了函数“void __cdecl stbi__rewind(struct stbi__context * __ptr64)”
D:\tinyraytracer_learn\lib\stb_image.h(1549,1): warning C4711: 为自动内联扩展选定了函数“int __cdecl stbi__hdr_test(struct stbi__context * __ptr64)”
D:\tinyraytracer_learn\lib\stb_image.h(844,1): warning C4711: 为自动内联扩展选定了函数“void __cdecl stbi__refill_buffer(struct stbi__context * __ptr64)”
D:\tinyraytracer_learn\lib\stb_image.h(1563,1): warning C4711: 为自动内联扩展选定了函数“void __cdecl stbi__start_callbacks(struct stbi__context * __ptr64,struct stbi_io_callbacks * __ptr64,void * __ptr64)”
D:\tinyraytracer_learn\lib\stb_image.h(1619,1): warning C4711: 为自动内联扩展选定了函数“void __cdecl stbi__refill_buffer(struct stbi__context * __ptr64)”
D:\tinyraytracer_learn\lib\stb_image.h(7093,1): warning C4711: 为自动内联扩展选定了函数“void __cdecl stbi__rewind(struct stbi__context * __ptr64)”
D:\tinyraytracer_learn\lib\stb_image.h(7099,1): warning C4711: 为自动内联扩展选定了函数“int __cdecl stbi__hdr_test_core(struct stbi__context * __ptr64,char const * __ptr64)”
D:\tinyraytracer_learn\lib\stb_image.h(7100,1): warning C4711: 为自动内联扩展选定了函数“void __cdecl stbi__rewind(struct stbi__context * __ptr64)”
D:\tinyraytracer_learn\lib\stb_image.h(1619,1): warning C4711: 为自动内联扩展选定了函数“void __cdecl stbi__refill_buffer(struct stbi__context * __ptr64)”
D:\tinyraytracer_learn\lib\stb_image.h(7093,1): warning C4711: 为自动内联扩展选定了函数“void __cdecl stbi__rewind(struct stbi__context * __ptr64)”
D:\tinyraytracer_learn\lib\stb_image.h(7102,1): warning C4711: 为自动内联扩展选定了函数“int __cdecl stbi__hdr_test_core(struct stbi__context * __ptr64,char const * __ptr64)”
D:\tinyraytracer_learn\lib\stb_image.h(7103,1): warning C4711: 为自动内联扩展选定了函数“void __cdecl stbi__rewind(struct stbi__context * __ptr64)”
D:\tinyraytracer_learn\lib\stb_image.h(1564,1): warning C4711: 为自动内联扩展选定了函数“int __cdecl stbi__hdr_test(struct stbi__context * __ptr64)”
D:\tinyraytracer_learn\lib\stb_image.h(4422,1): warning C4711: 为自动内联扩展选定了函数“int __cdecl stbi__err(char const * __ptr64)”
D:\tinyraytracer_learn\lib\stb_image.h(4428,1): warning C4711: 为自动内联扩展选定了函数“int __cdecl stbi__err(char const * __ptr64)”
D:\tinyraytracer_learn\lib\stb_image.h(4429,1): warning C4711: 为自动内联扩展选定了函数“int __cdecl stbi__err(char const * __ptr64)”
D:\tinyraytracer_learn\lib\stb_image.h(4431,1): warning C5045: 如果指定了 /Qspectre 开关，编译器会插入内存负载的 Spectre 缓解 
D:\tinyraytracer_learn\lib\stb_image.h(4431,1): warning C5045: D:\tinyraytracer_learn\lib\stb_image.h(4430) : 注意: 在此行上通过对比检查索引 "" 范围
D:\tinyraytracer_learn\lib\stb_image.h(4431,1): warning C5045: D:\tinyraytracer_learn\lib\stb_image.h(4431) : 注意: 此行上的源调用
D:\tinyraytracer_learn\lib\stb_image.h(4315,1): warning C4711: 为自动内联扩展选定了函数“int __cdecl stbi__err(char const * __ptr64)”
D:\tinyraytracer_learn\lib\stb_image.h(4331,1): warning C4711: 为自动内联扩展选定了函数“int __cdecl stbi__err(char const * __ptr64)”
D:\tinyraytracer_learn\lib\stb_image.h(4335,1): warning C4711: 为自动内联扩展选定了函数“int __cdecl stbi__err(char const * __ptr64)”
D:\tinyraytracer_learn\lib\stb_image.h(4340,1): warning C4711: 为自动内联扩展选定了函数“int __cdecl stbi__err(char const * __ptr64)”
D:\tinyraytracer_learn\lib\stb_image.h(4343,1): warning C4711: 为自动内联扩展选定了函数“int __cdecl stbi__err(char const * __ptr64)”
D:\tinyraytracer_learn\lib\stb_image.h(6641,1): warning C4711: 为自动内联扩展选定了函数“void * __ptr64 __cdecl stbi__malloc(unsigned __int64)”
D:\tinyraytracer_learn\lib\stb_image.h(6642,1): warning C4711: 为自动内联扩展选定了函数“int __cdecl stbi__err(char const * __ptr64)”
D:\tinyraytracer_learn\lib\stb_image.h(6645,1): warning C4711: 为自动内联扩展选定了函数“void __cdecl stbi__rewind(struct stbi__context * __ptr64)”
D:\tinyraytracer_learn\lib\stb_image.h(4382,1): warning C4711: 为自动内联扩展选定了函数“int __cdecl stbi__err(char const * __ptr64)”
D:\tinyraytracer_learn\lib\stb_image.h(4389,1): warning C4711: 为自动内联扩展选定了函数“int __cdecl stbi__err(char const * __ptr64)”
D:\tinyraytracer_learn\lib\stb_image.h(4396,1): warning C4711: 为自动内联扩展选定了函数“int __cdecl stbi__err(char const * __ptr64)”
D:\tinyraytracer_learn\lib\stb_image.h(4398,1): warning C4711: 为自动内联扩展选定了函数“int __cdecl stbi__err(char const * __ptr64)”
D:\tinyraytracer_learn\lib\stb_image.h(4403,1): warning C4711: 为自动内联扩展选定了函数“int __cdecl stbi__err(char const * __ptr64)”
D:\tinyraytracer_learn\lib\stb_image.h(4345,1): warning C5045: 如果指定了 /Qspectre 开关，编译器会插入内存负载的 Spectre 缓解 
D:\tinyraytracer_learn\lib\stb_image.h(4345,1): warning C5045: D:\tinyraytracer_learn\lib\stb_image.h(4344) : 注意: 在此行上通过对比检查索引 "" 范围
D:\tinyraytracer_learn\lib\stb_image.h(4345,1): warning C5045: D:\tinyraytracer_learn\lib\stb_image.h(4345) : 注意: 此行上的源调用
D:\tinyraytracer_learn\lib\stb_image.h(6938,1): warning C4711: 为自动内联扩展选定了函数“void __cdecl stbi__skip(struct stbi__context * __ptr64,int)”
D:\tinyraytracer_learn\lib\stb_image.h(6855,1): warning C4711: 为自动内联扩展选定了函数“int __cdecl stbi__err(char const * __ptr64)”
D:\tinyraytracer_learn\lib\stb_image.h(6933,1): warning C4711: 为自动内联扩展选定了函数“void __cdecl stbi__skip(struct stbi__context * __ptr64,int)”
D:\tinyraytracer_learn\lib\stb_image.h(6947,1): warning C4711: 为自动内联扩展选定了函数“int __cdecl stbi__err(char const * __ptr64)”
D:\tinyraytracer_learn\lib\stb_image.h(6929,1): warning C4711: 为自动内联扩展选定了函数“void __cdecl stbi__skip(struct stbi__context * __ptr64,int)”
D:\tinyraytracer_learn\lib\stb_image.h(6888,1): warning C4711: 为自动内联扩展选定了函数“int __cdecl stbi__err(char const * __ptr64)”
D:\tinyraytracer_learn\lib\stb_image.h(1033,1): warning C4711: 为自动内联扩展选定了函数“int __cdecl stbi__mul2sizes_valid(int,int)”
D:\tinyraytracer_learn\lib\stb_image.h(1033,1): warning C4711: 为自动内联扩展选定了函数“int __cdecl stbi__mul2sizes_valid(int,int)”
D:\tinyraytracer_learn\lib\stb_image.h(1033,1): warning C4711: 为自动内联扩展选定了函数“int __cdecl stbi__addsizes_valid(int,int)”
D:\tinyraytracer_learn\lib\stb_image.h(6790,1): warning C4711: 为自动内联扩展选定了函数“int __cdecl stbi__mad3sizes_valid(int,int,int,int)”
D:\tinyraytracer_learn\lib\stb_image.h(6791,1): warning C4711: 为自动内联扩展选定了函数“int __cdecl stbi__err(char const * __ptr64)”
D:\tinyraytracer_learn\lib\stb_image.h(6793,1): warning C4711: 为自动内联扩展选定了函数“void * __ptr64 __cdecl stbi__malloc(unsigned __int64)”
D:\tinyraytracer_learn\lib\stb_image.h(6794,1): warning C4711: 为自动内联扩展选定了函数“void * __ptr64 __cdecl stbi__malloc(unsigned __int64)”
D:\tinyraytracer_learn\lib\stb_image.h(6795,1): warning C4711: 为自动内联扩展选定了函数“void * __ptr64 __cdecl stbi__malloc(unsigned __int64)”
D:\tinyraytracer_learn\lib\stb_image.h(6797,1): warning C4711: 为自动内联扩展选定了函数“int __cdecl stbi__err(char const * __ptr64)”
D:\visual studio\VC\Tools\MSVC\14.42.34433\include\xmemory(222,1): warning C4711: 为自动内联扩展选定了函数“void * __ptr64 __cdecl std::_Allocate_manually_vector_aligned<struct std::_Default_allocate_traits>(unsigned __int64)”
D:\tinyraytracer_learn\lib\stb_image.h(6905,1): warning C5045: 如果指定了 /Qspectre 开关，编译器会插入内存负载的 Spectre 缓解 
D:\tinyraytracer_learn\lib\stb_image.h(6905,1): warning C5045: D:\tinyraytracer_learn\lib\stb_image.h(6854) : 注意: 在此行上通过对比检查索引 "" 范围
D:\tinyraytracer_learn\lib\stb_image.h(6905,1): warning C5045: D:\tinyraytracer_learn\lib\stb_image.h(6905) : 注意: 此行上的源调用
D:\tinyraytracer_learn\lib\stb_image.h(6890,1): warning C5045: 如果指定了 /Qspectre 开关，编译器会插入内存负载的 Spectre 缓解 
D:\tinyraytracer_learn\lib\stb_image.h(6890,1): warning C5045: D:\tinyraytracer_learn\lib\stb_image.h(6854) : 注意: 在此行上通过对比检查索引 "" 范围
D:\tinyraytracer_learn\lib\stb_image.h(6890,1): warning C5045: D:\tinyraytracer_learn\lib\stb_image.h(6890) : 注意: 此行上的源调用
D:\tinyraytracer_learn\lib\stb_image.h(6883,1): warning C5045: 如果指定了 /Qspectre 开关，编译器会插入内存负载的 Spectre 缓解 
D:\tinyraytracer_learn\lib\stb_image.h(6883,1): warning C5045: D:\tinyraytracer_learn\lib\stb_image.h(6854) : 注意: 在此行上通过对比检查索引 "" 范围
D:\tinyraytracer_learn\lib\stb_image.h(6883,1): warning C5045: D:\tinyraytracer_learn\lib\stb_image.h(6883) : 注意: 此行上的源调用
D:\tinyraytracer_learn\lib\stb_image.h(1620,1): warning C5045: 如果指定了 /Qspectre 开关，编译器会插入内存负载的 Spectre 缓解 
D:\tinyraytracer_learn\lib\stb_image.h(1620,1): warning C5045: D:\tinyraytracer_learn\lib\stb_image.h(6854) : 注意: 在此行上通过对比检查索引 "" 范围
D:\tinyraytracer_learn\lib\stb_image.h(1620,1): warning C5045: D:\tinyraytracer_learn\lib\stb_image.h(1620) : 注意: 此行上的源内存负载
D:\tinyraytracer_learn\lib\stb_image.h(1617,1): warning C5045: 如果指定了 /Qspectre 开关，编译器会插入内存负载的 Spectre 缓解 
D:\tinyraytracer_learn\lib\stb_image.h(1617,1): warning C5045: D:\tinyraytracer_learn\lib\stb_image.h(6854) : 注意: 在此行上通过对比检查索引 "" 范围
D:\tinyraytracer_learn\lib\stb_image.h(1617,1): warning C5045: D:\tinyraytracer_learn\lib\stb_image.h(1617) : 注意: 此行上的源内存负载
D:\tinyraytracer_learn\lib\stb_image.h(7515,1): warning C4711: 为自动内联扩展选定了函数“int __cdecl stbi__err(char const * __ptr64)”
D:\tinyraytracer_learn\lib\stb_image.h(7516,1): warning C4711: 为自动内联扩展选定了函数“int __cdecl stbi__err(char const * __ptr64)”
D:\tinyraytracer_learn\lib\stb_image.h(1041,1): warning C4711: 为自动内联扩展选定了函数“int __cdecl stbi__mul2sizes_valid(int,int)”
D:\tinyraytracer_learn\lib\stb_image.h(1041,1): warning C4711: 为自动内联扩展选定了函数“int __cdecl stbi__mul2sizes_valid(int,int)”
D:\tinyraytracer_learn\lib\stb_image.h(1041,1): warning C4711: 为自动内联扩展选定了函数“int __cdecl stbi__mul2sizes_valid(int,int)”
D:\tinyraytracer_learn\lib\stb_image.h(1041,1): warning C4711: 为自动内联扩展选定了函数“int __cdecl stbi__addsizes_valid(int,int)”
D:\tinyraytracer_learn\lib\stb_image.h(7522,1): warning C4711: 为自动内联扩展选定了函数“int __cdecl stbi__mad4sizes_valid(int,int,int,int,int)”
D:\tinyraytracer_learn\lib\stb_image.h(7523,1): warning C4711: 为自动内联扩展选定了函数“int __cdecl stbi__err(char const * __ptr64)”
D:\tinyraytracer_learn\lib\stb_image.h(7526,1): warning C4711: 为自动内联扩展选定了函数“int __cdecl stbi__err(char const * __ptr64)”
D:\tinyraytracer_learn\lib\stb_image.h(7529,1): warning C4711: 为自动内联扩展选定了函数“int __cdecl stbi__err(char const * __ptr64)”
D:\tinyraytracer_learn\lib\stb_image.h(5352,1): warning C4711: 为自动内联扩展选定了函数“unsigned int __cdecl stbi__get32le(struct stbi__context * __ptr64)”
D:\tinyraytracer_learn\lib\stb_image.h(5355,1): warning C4711: 为自动内联扩展选定了函数“unsigned int __cdecl stbi__get32le(struct stbi__context * __ptr64)”
D:\tinyraytracer_learn\lib\stb_image.h(5356,1): warning C4711: 为自动内联扩展选定了函数“unsigned int __cdecl stbi__get32le(struct stbi__context * __ptr64)”
D:\tinyraytracer_learn\lib\stb_image.h(5363,1): warning C4711: 为自动内联扩展选定了函数“int __cdecl stbi__bmp_test_raw(struct stbi__context * __ptr64)”
D:\tinyraytracer_learn\lib\stb_image.h(5364,1): warning C4711: 为自动内联扩展选定了函数“void __cdecl stbi__rewind(struct stbi__context * __ptr64)”
D:\tinyraytracer_learn\lib\stb_image.h(3372,1): warning C4711: 为自动内联扩展选定了函数“int __cdecl stbi__err(char const * __ptr64)”
D:\tinyraytracer_learn\lib\stb_image.h(3380,1): warning C4711: 为自动内联扩展选定了函数“int __cdecl stbi__err(char const * __ptr64)”
D:\tinyraytracer_learn\lib\stb_image.h(7343,1): warning C4711: 为自动内联扩展选定了函数“void __cdecl stbi__rewind(struct stbi__context * __ptr64)”
D:\tinyraytracer_learn\lib\stb_image.h(5548,1): warning C4711: 为自动内联扩展选定了函数“int __cdecl stbi__err(char const * __ptr64)”
D:\tinyraytracer_learn\lib\stb_image.h(5630,1): warning C4711: 为自动内联扩展选定了函数“void __cdecl stbi__skip(struct stbi__context * __ptr64,int)”
D:\tinyraytracer_learn\lib\stb_image.h(5651,1): warning C4711: 为自动内联扩展选定了函数“void __cdecl stbi__skip(struct stbi__context * __ptr64,int)”
D:\tinyraytracer_learn\lib\stb_image.h(5549,1): warning C4711: 为自动内联扩展选定了函数“int __cdecl stbi__err(char const * __ptr64)”
D:\tinyraytracer_learn\lib\stb_image.h(5703,1): warning C4711: 为自动内联扩展选定了函数“void __cdecl stbi__skip(struct stbi__context * __ptr64,int)”
D:\tinyraytracer_learn\lib\stb_image.h(1033,1): warning C4711: 为自动内联扩展选定了函数“int __cdecl stbi__mul2sizes_valid(int,int)”
D:\tinyraytracer_learn\lib\stb_image.h(1033,1): warning C4711: 为自动内联扩展选定了函数“int __cdecl stbi__mul2sizes_valid(int,int)”
D:\tinyraytracer_learn\lib\stb_image.h(1033,1): warning C4711: 为自动内联扩展选定了函数“int __cdecl stbi__addsizes_valid(int,int)”
D:\tinyraytracer_learn\lib\stb_image.h(5594,1): warning C4711: 为自动内联扩展选定了函数“int __cdecl stbi__mad3sizes_valid(int,int,int,int)”
D:\tinyraytracer_learn\lib\stb_image.h(5697,1): warning C4711: 为自动内联扩展选定了函数“int __cdecl stbi__shiftsigned(unsigned int,int,int)”
D:\tinyraytracer_learn\lib\stb_image.h(5696,1): warning C4711: 为自动内联扩展选定了函数“int __cdecl stbi__shiftsigned(unsigned int,int,int)”
D:\tinyraytracer_learn\lib\stb_image.h(5695,1): warning C4711: 为自动内联扩展选定了函数“int __cdecl stbi__shiftsigned(unsigned int,int,int)”
D:\tinyraytracer_learn\lib\stb_image.h(5571,1): warning C4711: 为自动内联扩展选定了函数“int __cdecl stbi__err(char const * __ptr64)”
D:\tinyraytracer_learn\lib\stb_image.h(5595,1): warning C4711: 为自动内联扩展选定了函数“int __cdecl stbi__err(char const * __ptr64)”
D:\tinyraytracer_learn\lib\stb_image.h(1033,1): warning C4711: 为自动内联扩展选定了函数“int __cdecl stbi__mul2sizes_valid(int,int)”
D:\tinyraytracer_learn\lib\stb_image.h(1033,1): warning C4711: 为自动内联扩展选定了函数“int __cdecl stbi__mul2sizes_valid(int,int)”
D:\tinyraytracer_learn\lib\stb_image.h(1033,1): warning C4711: 为自动内联扩展选定了函数“int __cdecl stbi__addsizes_valid(int,int)”
D:\tinyraytracer_learn\lib\stb_image.h(1057,1): warning C4711: 为自动内联扩展选定了函数“int __cdecl stbi__mad3sizes_valid(int,int,int,int)”
D:\tinyraytracer_learn\lib\stb_image.h(1058,1): warning C4711: 为自动内联扩展选定了函数“void * __ptr64 __cdecl stbi__malloc(unsigned __int64)”
D:\tinyraytracer_learn\lib\stb_image.h(5597,1): warning C4711: 为自动内联扩展选定了函数“void * __ptr64 __cdecl stbi__malloc_mad3(int,int,int,int)”
D:\tinyraytracer_learn\lib\stb_image.h(5698,1): warning C4711: 为自动内联扩展选定了函数“int __cdecl stbi__shiftsigned(unsigned int,int,int)”
D:\tinyraytracer_learn\lib\stb_image.h(5693,1): warning C4711: 为自动内联扩展选定了函数“unsigned int __cdecl stbi__get32le(struct stbi__context * __ptr64)”
D:\tinyraytracer_learn\lib\stb_image.h(5598,1): warning C4711: 为自动内联扩展选定了函数“int __cdecl stbi__err(char const * __ptr64)”
D:\tinyraytracer_learn\lib\stb_image.h(5578,1): warning C4711: 为自动内联扩展选定了函数“int __cdecl stbi__err(char const * __ptr64)”
D:\tinyraytracer_learn\lib\stb_image.h(5601,1): warning C4711: 为自动内联扩展选定了函数“int __cdecl stbi__err(char const * __ptr64)”
D:\tinyraytracer_learn\lib\stb_image.h(5670,1): warning C4711: 为自动内联扩展选定了函数“int __cdecl stbi__err(char const * __ptr64)”
D:\tinyraytracer_learn\lib\stb_image.h(5613,1): warning C4711: 为自动内联扩展选定了函数“int __cdecl stbi__err(char const * __ptr64)”
D:\tinyraytracer_learn\lib\stb_image.h(5672,1): warning C4711: 为自动内联扩展选定了函数“int __cdecl stbi__bitcount(unsigned int)”
D:\tinyraytracer_learn\lib\stb_image.h(5673,1): warning C4711: 为自动内联扩展选定了函数“int __cdecl stbi__bitcount(unsigned int)”
D:\tinyraytracer_learn\lib\stb_image.h(5674,1): warning C4711: 为自动内联扩展选定了函数“int __cdecl stbi__bitcount(unsigned int)”
D:\tinyraytracer_learn\lib\stb_image.h(5675,1): warning C4711: 为自动内联扩展选定了函数“int __cdecl stbi__bitcount(unsigned int)”
D:\tinyraytracer_learn\lib\stb_image.h(5676,1): warning C4711: 为自动内联扩展选定了函数“int __cdecl stbi__err(char const * __ptr64)”
D:\tinyraytracer_learn\lib\stb_image.h(1533,1): warning C4711: 为自动内联扩展选定了函数“struct _iobuf * __ptr64 __cdecl stbi__fopen(char const * __ptr64,char const * __ptr64)”
D:\tinyraytracer_learn\lib\stb_image.h(6514,1): warning C4711: 为自动内联扩展选定了函数“int __cdecl stbi__err(char const * __ptr64)”
D:\tinyraytracer_learn\lib\stb_image.h(6515,1): warning C4711: 为自动内联扩展选定了函数“int __cdecl stbi__err(char const * __ptr64)”
D:\tinyraytracer_learn\lib\stb_image.h(6517,1): warning C4711: 为自动内联扩展选定了函数“int __cdecl stbi__err(char const * __ptr64)”
D:\tinyraytracer_learn\lib\stb_image.h(1033,1): warning C4711: 为自动内联扩展选定了函数“int __cdecl stbi__mul2sizes_valid(int,int)”
D:\tinyraytracer_learn\lib\stb_image.h(1033,1): warning C4711: 为自动内联扩展选定了函数“int __cdecl stbi__mul2sizes_valid(int,int)”
D:\tinyraytracer_learn\lib\stb_image.h(1033,1): warning C4711: 为自动内联扩展选定了函数“int __cdecl stbi__addsizes_valid(int,int)”
D:\tinyraytracer_learn\lib\stb_image.h(6518,1): warning C4711: 为自动内联扩展选定了函数“int __cdecl stbi__mad3sizes_valid(int,int,int,int)”
D:\tinyraytracer_learn\lib\stb_image.h(6518,1): warning C4711: 为自动内联扩展选定了函数“int __cdecl stbi__err(char const * __ptr64)”
D:\tinyraytracer_learn\lib\stb_image.h(1707,1): warning C4711: 为自动内联扩展选定了函数“unsigned int __cdecl stbi__get32be(struct stbi__context * __ptr64)”
D:\tinyraytracer_learn\lib\stb_image.h(1033,1): warning C4711: 为自动内联扩展选定了函数“int __cdecl stbi__mul2sizes_valid(int,int)”
D:\tinyraytracer_learn\lib\stb_image.h(1033,1): warning C4711: 为自动内联扩展选定了函数“int __cdecl stbi__mul2sizes_valid(int,int)”
D:\tinyraytracer_learn\lib\stb_image.h(1033,1): warning C4711: 为自动内联扩展选定了函数“int __cdecl stbi__addsizes_valid(int,int)”
D:\tinyraytracer_learn\lib\stb_image.h(1057,1): warning C4711: 为自动内联扩展选定了函数“int __cdecl stbi__mad3sizes_valid(int,int,int,int)”
D:\tinyraytracer_learn\lib\stb_image.h(1058,1): warning C4711: 为自动内联扩展选定了函数“void * __ptr64 __cdecl stbi__malloc(unsigned __int64)”
D:\tinyraytracer_learn\lib\stb_image.h(6525,1): warning C4711: 为自动内联扩展选定了函数“void * __ptr64 __cdecl stbi__malloc_mad3(int,int,int,int)”
D:\tinyraytracer_learn\lib\stb_image.h(6526,1): warning C4711: 为自动内联扩展选定了函数“int __cdecl stbi__err(char const * __ptr64)”
D:\tinyraytracer_learn\lib\stb_image.h(1033,1): warning C4711: 为自动内联扩展选定了函数“int __cdecl stbi__mul2sizes_valid(int,int)”
D:\tinyraytracer_learn\lib\stb_image.h(1033,1): warning C4711: 为自动内联扩展选定了函数“int __cdecl stbi__mul2sizes_valid(int,int)”
D:\tinyraytracer_learn\lib\stb_image.h(1033,1): warning C4711: 为自动内联扩展选定了函数“int __cdecl stbi__addsizes_valid(int,int)”
D:\tinyraytracer_learn\lib\stb_image.h(1057,1): warning C4711: 为自动内联扩展选定了函数“int __cdecl stbi__mad3sizes_valid(int,int,int,int)”
D:\tinyraytracer_learn\lib\stb_image.h(1058,1): warning C4711: 为自动内联扩展选定了函数“void * __ptr64 __cdecl stbi__malloc(unsigned __int64)”
D:\tinyraytracer_learn\lib\stb_image.h(4871,1): warning C4711: 为自动内联扩展选定了函数“void * __ptr64 __cdecl stbi__malloc_mad3(int,int,int,int)”
D:\tinyraytracer_learn\lib\stb_image.h(4872,1): warning C4711: 为自动内联扩展选定了函数“int __cdecl stbi__err(char const * __ptr64)”
D:\tinyraytracer_learn\lib\stb_image.h(6538,1): warning C5045: 如果指定了 /Qspectre 开关，编译器会插入内存负载的 Spectre 缓解 
D:\tinyraytracer_learn\lib\stb_image.h(6538,1): warning C5045: D:\tinyraytracer_learn\lib\stb_image.h(6515) : 注意: 在此行上通过对比检查索引 "x" 范围
D:\tinyraytracer_learn\lib\stb_image.h(6538,1): warning C5045: D:\tinyraytracer_learn\lib\stb_image.h(6538) : 注意: 此行上的源调用
D:\tinyraytracer_learn\lib\stb_image.h(6530,1): warning C5045: 如果指定了 /Qspectre 开关，编译器会插入内存负载的 Spectre 缓解 
D:\tinyraytracer_learn\lib\stb_image.h(6530,1): warning C5045: D:\tinyraytracer_learn\lib\stb_image.h(6515) : 注意: 在此行上通过对比检查索引 "x" 范围
D:\tinyraytracer_learn\lib\stb_image.h(6530,1): warning C5045: D:\tinyraytracer_learn\lib\stb_image.h(6530) : 注意: 此行上的源调用
D:\tinyraytracer_learn\lib\stb_image.h(987,1): warning C5045: 如果指定了 /Qspectre 开关，编译器会插入内存负载的 Spectre 缓解 
D:\tinyraytracer_learn\lib\stb_image.h(987,1): warning C5045: D:\tinyraytracer_learn\lib\stb_image.h(6515) : 注意: 在此行上通过对比检查索引 "x" 范围
D:\tinyraytracer_learn\lib\stb_image.h(987,1): warning C5045: D:\tinyraytracer_learn\lib\stb_image.h(987) : 注意: 此行上的源调用
D:\tinyraytracer_learn\lib\stb_image.h(6522,1): warning C5045: 如果指定了 /Qspectre 开关，编译器会插入内存负载的 Spectre 缓解 
D:\tinyraytracer_learn\lib\stb_image.h(6522,1): warning C5045: D:\tinyraytracer_learn\lib\stb_image.h(6515) : 注意: 在此行上通过对比检查索引 "x" 范围
D:\tinyraytracer_learn\lib\stb_image.h(6522,1): warning C5045: D:\tinyraytracer_learn\lib\stb_image.h(6522) : 注意: 此行上的源调用
D:\tinyraytracer_learn\lib\stb_image.h(1631,1): warning C5045: 如果指定了 /Qspectre 开关，编译器会插入内存负载的 Spectre 缓解 
D:\tinyraytracer_learn\lib\stb_image.h(1631,1): warning C5045: D:\tinyraytracer_learn\lib\stb_image.h(6515) : 注意: 在此行上通过对比检查索引 "x" 范围
D:\tinyraytracer_learn\lib\stb_image.h(1631,1): warning C5045: D:\tinyraytracer_learn\lib\stb_image.h(1631) : 注意: 此行上的源调用
D:\tinyraytracer_learn\lib\stb_image.h(6641,1): warning C4711: 为自动内联扩展选定了函数“void * __ptr64 __cdecl stbi__malloc(unsigned __int64)”
D:\tinyraytracer_learn\lib\stb_image.h(6642,1): warning C4711: 为自动内联扩展选定了函数“int __cdecl stbi__err(char const * __ptr64)”
D:\tinyraytracer_learn\lib\stb_image.h(6645,1): warning C4711: 为自动内联扩展选定了函数“void __cdecl stbi__rewind(struct stbi__context * __ptr64)”
D:\tinyraytracer_learn\lib\stb_image.h(7079,1): warning C4711: 为自动内联扩展选定了函数“int __cdecl stbi__gif_info_raw(struct stbi__context * __ptr64,int * __ptr64,int * __ptr64,int * __ptr64)”
D:\visual studio\VC\Tools\MSVC\14.42.34433\include\xmemory(222,1): warning C4711: 为自动内联扩展选定了函数“void * __ptr64 __cdecl std::_Allocate_manually_vector_aligned<struct std::_Default_allocate_traits>(unsigned __int64)”
D:\visual studio\VC\Tools\MSVC\14.42.34433\include\xmemory(222,1): warning C4711: 为自动内联扩展选定了函数“void * __ptr64 __cdecl std::_Allocate_manually_vector_aligned<struct std::_Default_allocate_traits>(unsigned __int64)”
D:\visual studio\VC\Tools\MSVC\14.42.34433\include\xmemory(222,1): warning C4711: 为自动内联扩展选定了函数“void * __ptr64 __cdecl std::_Allocate_manually_vector_aligned<struct std::_Default_allocate_traits>(unsigned __int64)”
D:\visual studio\VC\Tools\MSVC\14.42.34433\include\xmemory(222,1): warning C4711: 为自动内联扩展选定了函数“void * __ptr64 __cdecl std::_Allocate_manually_vector_aligned<struct std::_Default_allocate_traits>(unsigned __int64)”
D:\visual studio\VC\Tools\MSVC\14.42.34433\include\xmemory(222,1): warning C4711: 为自动内联扩展选定了函数“void * __ptr64 __cdecl std::_Allocate_manually_vector_aligned<struct std::_Default_allocate_traits>(unsigned __int64)”
D:\tinyraytracer_learn\lib\stb_image.h(4892,1): warning C5045: 如果指定了 /Qspectre 开关，编译器会插入内存负载的 Spectre 缓解 
D:\tinyraytracer_learn\lib\stb_image.h(4892,1): warning C5045: D:\tinyraytracer_learn\lib\stb_image.h(4889) : 注意: 在此行上通过对比检查索引 "x" 范围
D:\tinyraytracer_learn\lib\stb_image.h(4892,1): warning C5045: D:\tinyraytracer_learn\lib\stb_image.h(4892) : 注意: 此行上的源调用
D:\tinyraytracer_learn\lib\stb_image.h(4045,1): warning C4711: 为自动内联扩展选定了函数“void * __ptr64 __cdecl stbi__malloc(unsigned __int64)”
D:\tinyraytracer_learn\lib\stb_image.h(4046,1): warning C4711: 为自动内联扩展选定了函数“int __cdecl stbi__err(char const * __ptr64)”
D:\tinyraytracer_learn\lib\stb_image.h(3372,1): warning C4711: 为自动内联扩展选定了函数“int __cdecl stbi__err(char const * __ptr64)”
D:\tinyraytracer_learn\lib\stb_image.h(3380,1): warning C4711: 为自动内联扩展选定了函数“int __cdecl stbi__err(char const * __ptr64)”
D:\tinyraytracer_learn\lib\stb_image.h(4050,1): warning C4711: 为自动内联扩展选定了函数“int __cdecl stbi__decode_jpeg_header(struct stbi__jpeg * __ptr64,int)”
D:\tinyraytracer_learn\lib\stb_image.h(4051,1): warning C4711: 为自动内联扩展选定了函数“void __cdecl stbi__rewind(struct stbi__context * __ptr64)”
D:\tinyraytracer_learn\lib\stb_image.h(3004,1): warning C4711: 为自动内联扩展选定了函数“void __cdecl stbi__jpeg_reset(struct stbi__jpeg * __ptr64)”
D:\tinyraytracer_learn\lib\stb_image.h(4059,1): warning C4711: 为自动内联扩展选定了函数“void __cdecl stbi__rewind(struct stbi__context * __ptr64)”
D:\tinyraytracer_learn\lib\stb_image.h(3064,1): warning C4711: 为自动内联扩展选定了函数“void __cdecl stbi__jpeg_reset(struct stbi__jpeg * __ptr64)”
D:\tinyraytracer_learn\lib\stb_image.h(2951,1): warning C4711: 为自动内联扩展选定了函数“void __cdecl stbi__jpeg_reset(struct stbi__jpeg * __ptr64)”
D:\tinyraytracer_learn\lib\stb_image.h(2974,1): warning C4711: 为自动内联扩展选定了函数“void __cdecl stbi__jpeg_reset(struct stbi__jpeg * __ptr64)”
D:\tinyraytracer_learn\lib\stb_image.h(3035,1): warning C4711: 为自动内联扩展选定了函数“void __cdecl stbi__jpeg_reset(struct stbi__jpeg * __ptr64)”
D:\tinyraytracer_learn\lib\stb_image.h(4444,1): warning C4711: 为自动内联扩展选定了函数“int __cdecl stbi__err(char const * __ptr64)”
D:\tinyraytracer_learn\lib\stb_image.h(4445,1): warning C4711: 为自动内联扩展选定了函数“int __cdecl stbi__err(char const * __ptr64)”
D:\tinyraytracer_learn\lib\stb_image.h(4446,1): warning C4711: 为自动内联扩展选定了函数“int __cdecl stbi__err(char const * __ptr64)”
D:\tinyraytracer_learn\lib\stb_image.h(4447,1): warning C4711: 为自动内联扩展选定了函数“int __cdecl stbi__err(char const * __ptr64)”
D:\tinyraytracer_learn\lib\stb_image.h(4485,1): warning C4711: 为自动内联扩展选定了函数“int __cdecl stbi__parse_zlib_header(struct stbi__zbuf * __ptr64)”
D:\visual studio\VC\Tools\MSVC\14.42.34433\include\xmemory(222,1): warning C4711: 为自动内联扩展选定了函数“void * __ptr64 __cdecl std::_Allocate_manually_vector_aligned<struct std::_Default_allocate_traits>(unsigned __int64)”
D:\visual studio\VC\Tools\MSVC\14.42.34433\include\xmemory(222,1): warning C4711: 为自动内联扩展选定了函数“void * __ptr64 __cdecl std::_Allocate_manually_vector_aligned<struct std::_Default_allocate_traits>(unsigned __int64)”
D:\visual studio\VC\Tools\MSVC\14.42.34433\include\xmemory(222,1): warning C4711: 为自动内联扩展选定了函数“void * __ptr64 __cdecl std::_Allocate_manually_vector_aligned<struct std::_Default_allocate_traits>(unsigned __int64)”
D:\visual studio\VC\Tools\MSVC\14.42.34433\include\xmemory(222,1): warning C4711: 为自动内联扩展选定了函数“void * __ptr64 __cdecl std::_Allocate_manually_vector_aligned<struct std::_Default_allocate_traits>(unsigned __int64)”
D:\visual studio\VC\Tools\MSVC\14.42.34433\include\xmemory(222,1): warning C4711: 为自动内联扩展选定了函数“void * __ptr64 __cdecl std::_Allocate_manually_vector_aligned<struct std::_Default_allocate_traits>(unsigned __int64)”
D:\tinyraytracer_learn\lib\stb_image.h(4071,1): warning C4711: 为自动内联扩展选定了函数“void * __ptr64 __cdecl stbi__malloc(unsigned __int64)”
D:\tinyraytracer_learn\lib\stb_image.h(4072,1): warning C4711: 为自动内联扩展选定了函数“int __cdecl stbi__err(char const * __ptr64)”
D:\tinyraytracer_learn\lib\stb_image.h(4059,1): warning C4711: 为自动内联扩展选定了函数“void __cdecl stbi__rewind(struct stbi__context * __ptr64)”
D:\tinyraytracer_learn\lib\stb_image.h(4075,1): warning C4711: 为自动内联扩展选定了函数“int __cdecl stbi__jpeg_info_raw(struct stbi__jpeg * __ptr64,int * __ptr64,int * __ptr64,int * __ptr64)”
D:\visual studio\VC\Tools\MSVC\14.42.34433\include\vector(819,1): warning C4710: “static void __cdecl std::vector<class Light,class std::allocator<class Light> >::_Xlength(void)”: 函数未内联
D:\visual studio\VC\Tools\MSVC\14.42.34433\include\vector(845,1): warning C4710: “void __cdecl std::_Destroy_range<class std::allocator<class Light> >(class Light * __ptr64,class Light * __ptr64 const,class std::allocator<class Light> & __ptr64)”: 函数未内联
D:\visual studio\VC\Tools\MSVC\14.42.34433\include\vector(846,1): warning C4710: “void __cdecl std::allocator<class Light>::deallocate(class Light * __ptr64 const,unsigned __int64) __ptr64”: 函数未内联
D:\visual studio\VC\Tools\MSVC\14.42.34433\include\xmemory(222,1): warning C4711: 为自动内联扩展选定了函数“void * __ptr64 __cdecl std::_Allocate_manually_vector_aligned<struct std::_Default_allocate_traits>(unsigned __int64)”
D:\visual studio\VC\Tools\MSVC\14.42.34433\include\xmemory(222,1): warning C4711: 为自动内联扩展选定了函数“void * __ptr64 __cdecl std::_Allocate_manually_vector_aligned<struct std::_Default_allocate_traits>(unsigned __int64)”
D:\visual studio\VC\Tools\MSVC\14.42.34433\include\xmemory(222,1): warning C4711: 为自动内联扩展选定了函数“void * __ptr64 __cdecl std::_Allocate_manually_vector_aligned<struct std::_Default_allocate_traits>(unsigned __int64)”
D:\tinyraytracer_learn\lib\stb_image.h(4523,1): warning C4711: 为自动内联扩展选定了函数“void * __ptr64 __cdecl stbi__malloc(unsigned __int64)”
D:\tinyraytracer_learn\lib\stb_image.h(4527,1): warning C4711: 为自动内联扩展选定了函数“int __cdecl stbi__do_zlib(struct stbi__zbuf * __ptr64,char * __ptr64,int,int,int)”
D:\tinyraytracer_learn\lib\stb_image.h(4544,1): warning C4711: 为自动内联扩展选定了函数“void * __ptr64 __cdecl stbi__malloc(unsigned __int64)”
D:\tinyraytracer_learn\lib\stb_image.h(4548,1): warning C4711: 为自动内联扩展选定了函数“int __cdecl stbi__do_zlib(struct stbi__zbuf * __ptr64,char * __ptr64,int,int,int)”
D:\tinyraytracer_learn\lib\stb_image.h(4562,1): warning C4711: 为自动内联扩展选定了函数“int __cdecl stbi__do_zlib(struct stbi__zbuf * __ptr64,char * __ptr64,int,int,int)”
D:\tinyraytracer_learn\lib\stb_image.h(4589,1): warning C4711: 为自动内联扩展选定了函数“int __cdecl stbi__do_zlib(struct stbi__zbuf * __ptr64,char * __ptr64,int,int,int)”
D:\tinyraytracer_learn\lib\stb_image.h(4571,1): warning C4711: 为自动内联扩展选定了函数“void * __ptr64 __cdecl stbi__malloc(unsigned __int64)”
D:\tinyraytracer_learn\lib\stb_image.h(4575,1): warning C4711: 为自动内联扩展选定了函数“int __cdecl stbi__do_zlib(struct stbi__zbuf * __ptr64,char * __ptr64,int,int,int)”
D:\tinyraytracer_learn\lib\stb_image.h(5609,1): warning C5045: 如果指定了 /Qspectre 开关，编译器会插入内存负载的 Spectre 缓解 
D:\tinyraytracer_learn\lib\stb_image.h(5609,1): warning C5045: D:\tinyraytracer_learn\lib\stb_image.h(5601) : 注意: 在此行上通过对比检查索引 "psize" 范围
D:\tinyraytracer_learn\lib\stb_image.h(5609,1): warning C5045: D:\tinyraytracer_learn\lib\stb_image.h(5609) : 注意: 此行上的源调用
D:\tinyraytracer_learn\lib\stb_image.h(5580,1): warning C5045: 如果指定了 /Qspectre 开关，编译器会插入内存负载的 Spectre 缓解 
D:\tinyraytracer_learn\lib\stb_image.h(5580,1): warning C5045: D:\tinyraytracer_learn\lib\stb_image.h(5577) : 注意: 在此行上通过对比检查索引 "" 范围
D:\tinyraytracer_learn\lib\stb_image.h(5580,1): warning C5045: D:\tinyraytracer_learn\lib\stb_image.h(5580) : 注意: 此行上的源调用
D:\tinyraytracer_learn\lib\stb_image.h(7010,1): warning C4711: 为自动内联扩展选定了函数“void * __ptr64 __cdecl stbi__malloc(unsigned __int64)”
D:\tinyraytracer_learn\lib\stb_image.h(6593,1): warning C4711: 为自动内联扩展选定了函数“void __cdecl stbi__rewind(struct stbi__context * __ptr64)”
D:\tinyraytracer_learn\lib\stb_image.h(6965,1): warning C4711: 为自动内联扩展选定了函数“int __cdecl stbi__gif_test(struct stbi__context * __ptr64)”
D:\tinyraytracer_learn\lib\stb_image.h(7015,1): warning C4711: 为自动内联扩展选定了函数“void * __ptr64 __cdecl stbi__malloc(unsigned __int64)”
D:\tinyraytracer_learn\lib\stb_image.h(7044,1): warning C4711: 为自动内联扩展选定了函数“int __cdecl stbi__err(char const * __ptr64)”
D:\tinyraytracer_learn\lib\stb_image.h(6960,1): warning C4711: 为自动内联扩展选定了函数“int __cdecl stbi__err(char const * __ptr64)”
D:\tinyraytracer_learn\lib\stb_image.h(6996,1): warning C4711: 为自动内联扩展选定了函数“void * __ptr64 __cdecl stbi__load_gif_main_outofmem(struct stbi__gif * __ptr64,unsigned char * __ptr64,int * __ptr64 * __ptr64)”
D:\tinyraytracer_learn\lib\stb_image.h(6960,1): warning C4711: 为自动内联扩展选定了函数“int __cdecl stbi__err(char const * __ptr64)”
D:\tinyraytracer_learn\lib\stb_image.h(7005,1): warning C4711: 为自动内联扩展选定了函数“void * __ptr64 __cdecl stbi__load_gif_main_outofmem(struct stbi__gif * __ptr64,unsigned char * __ptr64,int * __ptr64 * __ptr64)”
D:\tinyraytracer_learn\lib\stb_image.h(6960,1): warning C4711: 为自动内联扩展选定了函数“int __cdecl stbi__err(char const * __ptr64)”
D:\tinyraytracer_learn\lib\stb_image.h(7012,1): warning C4711: 为自动内联扩展选定了函数“void * __ptr64 __cdecl stbi__load_gif_main_outofmem(struct stbi__gif * __ptr64,unsigned char * __ptr64,int * __ptr64 * __ptr64)”
D:\tinyraytracer_learn\lib\stb_image.h(6960,1): warning C4711: 为自动内联扩展选定了函数“int __cdecl stbi__err(char const * __ptr64)”
D:\tinyraytracer_learn\lib\stb_image.h(7017,1): warning C4711: 为自动内联扩展选定了函数“void * __ptr64 __cdecl stbi__load_gif_main_outofmem(struct stbi__gif * __ptr64,unsigned char * __ptr64,int * __ptr64 * __ptr64)”
D:\visual studio\VC\Tools\MSVC\14.42.34433\include\vector(2010,1): warning C4710: “static void __cdecl std::vector<struct vec<3,float>,class std::allocator<struct vec<3,float> > >::_Xlength(void)”: 函数未内联
D:\visual studio\VC\Tools\MSVC\14.42.34433\include\xmemory(222,1): warning C4711: 为自动内联扩展选定了函数“void * __ptr64 __cdecl std::_Allocate_manually_vector_aligned<struct std::_Default_allocate_traits>(unsigned __int64)”
D:\visual studio\VC\Tools\MSVC\14.42.34433\include\vector(819,1): warning C4710: “static void __cdecl std::vector<class std::unique_ptr<class Object,struct std::default_delete<class Object> >,class std::allocator<class std::unique_ptr<class Object,struct std::default_delete<class Object> > > >::_Xlength(void)”: 函数未内联
D:\visual studio\VC\Tools\MSVC\14.42.34433\include\vector(845,1): warning C4710: “void __cdecl std::_Destroy_range<class std::allocator<class std::unique_ptr<class Object,struct std::default_delete<class Object> > > >(class std::unique_ptr<class Object,struct std::default_delete<class Object> > * __ptr64,class std::unique_ptr<class Object,struct std::default_delete<class Object> > * __ptr64 const,class std::allocator<class std::unique_ptr<class Object,struct std::default_delete<class Object> > > & __ptr64)”: 函数未内联
D:\visual studio\VC\Tools\MSVC\14.42.34433\include\vector(846,1): warning C4710: “void __cdecl std::allocator<class std::unique_ptr<class Object,struct std::default_delete<class Object> > >::deallocate(class std::unique_ptr<class Object,struct std::default_delete<class Object> > * __ptr64 const,unsigned __int64) __ptr64”: 函数未内联
D:\visual studio\VC\Tools\MSVC\14.42.34433\include\xmemory(222,1): warning C4711: 为自动内联扩展选定了函数“void * __ptr64 __cdecl std::_Allocate_manually_vector_aligned<struct std::_Default_allocate_traits>(unsigned __int64)”
D:\visual studio\VC\Tools\MSVC\14.42.34433\include\vector(2010,1): warning C4710: “static void __cdecl std::vector<struct vec<3,int>,class std::allocator<struct vec<3,int> > >::_Xlength(void)”: 函数未内联
D:\visual studio\VC\Tools\MSVC\14.42.34433\include\xmemory(222,1): warning C4711: 为自动内联扩展选定了函数“void * __ptr64 __cdecl std::_Allocate_manually_vector_aligned<struct std::_Default_allocate_traits>(unsigned __int64)”
D:\tinyraytracer_learn\lib\stb_image.h(4523,1): warning C4711: 为自动内联扩展选定了函数“void * __ptr64 __cdecl stbi__malloc(unsigned __int64)”
D:\tinyraytracer_learn\lib\stb_image.h(4527,1): warning C4711: 为自动内联扩展选定了函数“int __cdecl stbi__do_zlib(struct stbi__zbuf * __ptr64,char * __ptr64,int,int,int)”
D:\tinyraytracer_learn\lib\stb_image.h(4538,1): warning C4711: 为自动内联扩展选定了函数“stbi_zlib_decode_malloc_guesssize”
D:\tinyraytracer_learn\lib\stb_image.h(4616,1): warning C4711: 为自动内联扩展选定了函数“unsigned int __cdecl stbi__get32be(struct stbi__context * __ptr64)”
D:\tinyraytracer_learn\lib\stb_image.h(4617,1): warning C4711: 为自动内联扩展选定了函数“unsigned int __cdecl stbi__get32be(struct stbi__context * __ptr64)”
D:\tinyraytracer_learn\lib\stb_image.h(5096,1): warning C4711: 为自动内联扩展选定了函数“struct stbi__pngchunk __cdecl stbi__get_chunk_header(struct stbi__context * __ptr64)”
D:\tinyraytracer_learn\lib\stb_image.h(1707,1): warning C4711: 为自动内联扩展选定了函数“unsigned int __cdecl stbi__get32be(struct stbi__context * __ptr64)”
D:\tinyraytracer_learn\lib\stb_image.h(5100,1): warning C4711: 为自动内联扩展选定了函数“void __cdecl stbi__skip(struct stbi__context * __ptr64,int)”
D:\tinyraytracer_learn\lib\stb_image.h(5104,1): warning C4711: 为自动内联扩展选定了函数“int __cdecl stbi__err(char const * __ptr64)”
D:\tinyraytracer_learn\lib\stb_image.h(5133,1): warning C4711: 为自动内联扩展选定了函数“int __cdecl stbi__err(char const * __ptr64)”
D:\tinyraytracer_learn\lib\stb_image.h(5243,1): warning C4711: 为自动内联扩展选定了函数“int __cdecl stbi__err(char const * __ptr64)”
D:\tinyraytracer_learn\lib\stb_image.h(5106,1): warning C4711: 为自动内联扩展选定了函数“int __cdecl stbi__err(char const * __ptr64)”
D:\tinyraytracer_learn\lib\stb_image.h(5107,1): warning C4711: 为自动内联扩展选定了函数“unsigned int __cdecl stbi__get32be(struct stbi__context * __ptr64)”
D:\tinyraytracer_learn\lib\stb_image.h(5108,1): warning C4711: 为自动内联扩展选定了函数“unsigned int __cdecl stbi__get32be(struct stbi__context * __ptr64)”
D:\tinyraytracer_learn\lib\stb_image.h(5147,1): warning C4711: 为自动内联扩展选定了函数“int __cdecl stbi__err(char const * __ptr64)”
D:\tinyraytracer_learn\lib\stb_image.h(5134,1): warning C4711: 为自动内联扩展选定了函数“int __cdecl stbi__err(char const * __ptr64)”
D:\tinyraytracer_learn\lib\stb_image.h(5255,1): warning C4711: 为自动内联扩展选定了函数“void __cdecl stbi__skip(struct stbi__context * __ptr64,int)”
D:\tinyraytracer_learn\lib\stb_image.h(5253,1): warning C4711: 为自动内联扩展选定了函数“int __cdecl stbi__err(char const * __ptr64)”
D:\tinyraytracer_learn\lib\stb_image.h(5109,1): warning C4711: 为自动内联扩展选定了函数“int __cdecl stbi__err(char const * __ptr64)”
D:\tinyraytracer_learn\lib\stb_image.h(5174,1): warning C4711: 为自动内联扩展选定了函数“int __cdecl stbi__err(char const * __ptr64)”
D:\tinyraytracer_learn\lib\stb_image.h(5148,1): warning C4711: 为自动内联扩展选定了函数“int __cdecl stbi__err(char const * __ptr64)”
D:\tinyraytracer_learn\lib\stb_image.h(5136,1): warning C4711: 为自动内联扩展选定了函数“int __cdecl stbi__err(char const * __ptr64)”
D:\tinyraytracer_learn\lib\stb_image.h(5110,1): warning C4711: 为自动内联扩展选定了函数“int __cdecl stbi__err(char const * __ptr64)”
D:\tinyraytracer_learn\lib\stb_image.h(5201,1): warning C4711: 为自动内联扩展选定了函数“int __cdecl stbi__err(char const * __ptr64)”
D:\tinyraytracer_learn\lib\stb_image.h(5157,1): warning C4711: 为自动内联扩展选定了函数“int __cdecl stbi__err(char const * __ptr64)”
D:\tinyraytracer_learn\lib\stb_image.h(5175,1): warning C4711: 为自动内联扩展选定了函数“int __cdecl stbi__err(char const * __ptr64)”
D:\tinyraytracer_learn\lib\stb_image.h(5112,1): warning C4711: 为自动内联扩展选定了函数“int __cdecl stbi__err(char const * __ptr64)”
D:\tinyraytracer_learn\lib\stb_image.h(5182,1): warning C4711: 为自动内联扩展选定了函数“int __cdecl stbi__err(char const * __ptr64)”
D:\tinyraytracer_learn\lib\stb_image.h(5151,1): warning C4711: 为自动内联扩展选定了函数“int __cdecl stbi__err(char const * __ptr64)”
D:\tinyraytracer_learn\lib\stb_image.h(5158,1): warning C4711: 为自动内联扩展选定了函数“int __cdecl stbi__err(char const * __ptr64)”
D:\tinyraytracer_learn\lib\stb_image.h(5203,1): warning C4711: 为自动内联扩展选定了函数“int __cdecl stbi__err(char const * __ptr64)”
D:\tinyraytracer_learn\lib\stb_image.h(4544,1): warning C4711: 为自动内联扩展选定了函数“void * __ptr64 __cdecl stbi__malloc(unsigned __int64)”
D:\tinyraytracer_learn\lib\stb_image.h(4548,1): warning C4711: 为自动内联扩展选定了函数“int __cdecl stbi__do_zlib(struct stbi__zbuf * __ptr64,char * __ptr64,int,int,int)”
D:\tinyraytracer_learn\lib\stb_image.h(5207,1): warning C4711: 为自动内联扩展选定了函数“stbi_zlib_decode_malloc_guesssize_headerflag”
D:\tinyraytracer_learn\lib\stb_image.h(5115,1): warning C4711: 为自动内联扩展选定了函数“int __cdecl stbi__err(char const * __ptr64)”
D:\tinyraytracer_learn\lib\stb_image.h(5152,1): warning C4711: 为自动内联扩展选定了函数“int __cdecl stbi__err(char const * __ptr64)”
D:\tinyraytracer_learn\lib\stb_image.h(5113,1): warning C4711: 为自动内联扩展选定了函数“int __cdecl stbi__err(char const * __ptr64)”
D:\tinyraytracer_learn\lib\stb_image.h(5114,1): warning C4711: 为自动内联扩展选定了函数“int __cdecl stbi__err(char const * __ptr64)”
D:\tinyraytracer_learn\lib\stb_image.h(5194,1): warning C4711: 为自动内联扩展选定了函数“int __cdecl stbi__err(char const * __ptr64)”
D:\tinyraytracer_learn\lib\stb_image.h(5116,1): warning C4711: 为自动内联扩展选定了函数“int __cdecl stbi__err(char const * __ptr64)”
D:\tinyraytracer_learn\lib\stb_image.h(5191,1): warning C4711: 为自动内联扩展选定了函数“int __cdecl stbi__err(char const * __ptr64)”
D:\tinyraytracer_learn\lib\stb_image.h(5117,1): warning C4711: 为自动内联扩展选定了函数“int __cdecl stbi__err(char const * __ptr64)”
D:\tinyraytracer_learn\lib\stb_image.h(5111,1): warning C4711: 为自动内联扩展选定了函数“int __cdecl stbi__err(char const * __ptr64)”
D:\tinyraytracer_learn\lib\stb_image.h(5118,1): warning C4711: 为自动内联扩展选定了函数“int __cdecl stbi__err(char const * __ptr64)”
D:\tinyraytracer_learn\lib\stb_image.h(1026,1): warning C4711: 为自动内联扩展选定了函数“int __cdecl stbi__mul2sizes_valid(int,int)”
D:\tinyraytracer_learn\lib\stb_image.h(1026,1): warning C4711: 为自动内联扩展选定了函数“int __cdecl stbi__addsizes_valid(int,int)”
D:\tinyraytracer_learn\lib\stb_image.h(1050,1): warning C4711: 为自动内联扩展选定了函数“int __cdecl stbi__mad2sizes_valid(int,int,int)”
D:\tinyraytracer_learn\lib\stb_image.h(1051,1): warning C4711: 为自动内联扩展选定了函数“void * __ptr64 __cdecl stbi__malloc(unsigned __int64)”
D:\tinyraytracer_learn\lib\stb_image.h(4961,1): warning C4711: 为自动内联扩展选定了函数“void * __ptr64 __cdecl stbi__malloc_mad2(int,int,int)”
D:\tinyraytracer_learn\lib\stb_image.h(4962,1): warning C4711: 为自动内联扩展选定了函数“int __cdecl stbi__err(char const * __ptr64)”
D:\tinyraytracer_learn\lib\stb_image.h(5229,1): warning C4711: 为自动内联扩展选定了函数“int __cdecl stbi__expand_png_palette(struct stbi__png * __ptr64,unsigned char * __ptr64,int,int)”
D:\tinyraytracer_learn\lib\stb_image.h(5217,1): warning C4711: 为自动内联扩展选定了函数“int __cdecl stbi__compute_transparency16(struct stbi__png * __ptr64,unsigned short * __ptr64 const,int)”
D:\tinyraytracer_learn\lib\stb_image.h(5219,1): warning C4711: 为自动内联扩展选定了函数“int __cdecl stbi__compute_transparency(struct stbi__png * __ptr64,unsigned char * __ptr64 const,int)”
D:\tinyraytracer_learn\lib\stb_image.h(5223,1): warning C4711: 为自动内联扩展选定了函数“void __cdecl stbi__de_iphone(struct stbi__png * __ptr64)”
D:\tinyraytracer_learn\lib\stb_image.h(5126,1): warning C4711: 为自动内联扩展选定了函数“int __cdecl stbi__err(char const * __ptr64)”
D:\tinyraytracer_learn\lib\stb_image.h(5121,1): warning C4711: 为自动内联扩展选定了函数“int __cdecl stbi__err(char const * __ptr64)”
D:\visual studio\VC\Tools\MSVC\14.42.34433\include\vector(779,1): warning C4710: “class Light * __ptr64 __cdecl std::vector<class Light,class std::allocator<class Light> >::_Emplace_reallocate<class Light const & __ptr64>(class Light * __ptr64 const,class Light const & __ptr64) __ptr64”: 函数未内联
D:\visual studio\VC\Tools\MSVC\14.42.34433\include\xmemory(222,1): warning C4711: 为自动内联扩展选定了函数“void * __ptr64 __cdecl std::_Allocate_manually_vector_aligned<struct std::_Default_allocate_traits>(unsigned __int64)”
D:\visual studio\VC\Tools\MSVC\14.42.34433\include\xutility(4661,1): warning C4711: 为自动内联扩展选定了函数“struct vec<3,float> * __ptr64 __cdecl std::_Copy_memmove<struct vec<3,float> * __ptr64,struct vec<3,float> * __ptr64>(struct vec<3,float> * __ptr64,struct vec<3,float> * __ptr64,struct vec<3,float> * __ptr64)”
D:\visual studio\VC\Tools\MSVC\14.42.34433\include\xmemory(222,1): warning C4711: 为自动内联扩展选定了函数“void * __ptr64 __cdecl std::_Allocate_manually_vector_aligned<struct std::_Default_allocate_traits>(unsigned __int64)”
D:\visual studio\VC\Tools\MSVC\14.42.34433\include\xutility(4661,1): warning C4711: 为自动内联扩展选定了函数“struct vec<3,int> * __ptr64 __cdecl std::_Copy_memmove<struct vec<3,int> * __ptr64,struct vec<3,int> * __ptr64>(struct vec<3,int> * __ptr64,struct vec<3,int> * __ptr64,struct vec<3,int> * __ptr64)”
D:\visual studio\VC\Tools\MSVC\14.42.34433\include\vector(2027,1): warning C4710: “void __cdecl std::_Destroy_range<class std::allocator<class std::unique_ptr<class Model,struct std::default_delete<class Model> > > >(class std::unique_ptr<class Model,struct std::default_delete<class Model> > * __ptr64,class std::unique_ptr<class Model,struct std::default_delete<class Model> > * __ptr64 const,class std::allocator<class std::unique_ptr<class Model,struct std::default_delete<class Model> > > & __ptr64)”: 函数未内联
D:\visual studio\VC\Tools\MSVC\14.42.34433\include\xmemory(222,1): warning C4711: 为自动内联扩展选定了函数“void * __ptr64 __cdecl std::_Allocate_manually_vector_aligned<struct std::_Default_allocate_traits>(unsigned __int64)”
D:\visual studio\VC\Tools\MSVC\14.42.34433\include\xutility(4661,1): warning C4711: 为自动内联扩展选定了函数“struct vec<3,float> * __ptr64 __cdecl std::_Copy_memmove<struct vec<3,float> * __ptr64,struct vec<3,float> * __ptr64>(struct vec<3,float> * __ptr64,struct vec<3,float> * __ptr64,struct vec<3,float> * __ptr64)”
D:\visual studio\VC\Tools\MSVC\14.42.34433\include\vector(2048,1): warning C4710: “void __cdecl std::_Destroy_range<class std::allocator<class std::unique_ptr<class Model,struct std::default_delete<class Model> > > >(class std::unique_ptr<class Model,struct std::default_delete<class Model> > * __ptr64,class std::unique_ptr<class Model,struct std::default_delete<class Model> > * __ptr64 const,class std::allocator<class std::unique_ptr<class Model,struct std::default_delete<class Model> > > & __ptr64)”: 函数未内联
D:\visual studio\VC\Tools\MSVC\14.42.34433\include\xmemory(222,1): warning C4711: 为自动内联扩展选定了函数“void * __ptr64 __cdecl std::_Allocate_manually_vector_aligned<struct std::_Default_allocate_traits>(unsigned __int64)”
D:\visual studio\VC\Tools\MSVC\14.42.34433\include\xutility(4661,1): warning C4711: 为自动内联扩展选定了函数“struct vec<3,int> * __ptr64 __cdecl std::_Copy_memmove<struct vec<3,int> * __ptr64,struct vec<3,int> * __ptr64>(struct vec<3,int> * __ptr64,struct vec<3,int> * __ptr64,struct vec<3,int> * __ptr64)”
D:\tinyraytracer_learn\lib\stb_image.h(1448,1): warning C4711: 为自动内联扩展选定了函数“void __cdecl stbi__start_mem(struct stbi__context * __ptr64,unsigned char const * __ptr64,int)”
D:\tinyraytracer_learn\lib\stb_image.h(1452,1): warning C4711: 为自动内联扩展选定了函数“void __cdecl stbi__vertical_flip_slices(void * __ptr64,int,int,int,int)”
D:\tinyraytracer_learn\lib\stb_image.h(3427,1): warning C4711: 为自动内联扩展选定了函数“unsigned char __cdecl stbi__skip_jpeg_junk_at_end(struct stbi__jpeg * __ptr64)”
D:\tinyraytracer_learn\lib\stb_image.h(3436,1): warning C4711: 为自动内联扩展选定了函数“int __cdecl stbi__err(char const * __ptr64)”
D:\tinyraytracer_learn\lib\stb_image.h(3437,1): warning C4711: 为自动内联扩展选定了函数“int __cdecl stbi__err(char const * __ptr64)”
D:\visual studio\VC\Tools\MSVC\14.42.34433\include\vector(779,1): warning C4710: “class std::unique_ptr<class Object,struct std::default_delete<class Object> > * __ptr64 __cdecl std::vector<class std::unique_ptr<class Object,struct std::default_delete<class Object> >,class std::allocator<class std::unique_ptr<class Object,struct std::default_delete<class Object> > > >::_Emplace_reallocate<class std::unique_ptr<class Object,struct std::default_delete<class Object> > >(class std::unique_ptr<class Object,struct std::default_delete<class Object> > * __ptr64 const,class std::unique_ptr<class Object,struct std::default_delete<class Object> > && __ptr64) __ptr64”: 函数未内联
D:\visual studio\VC\Tools\MSVC\14.42.34433\include\xmemory(222,1): warning C4711: 为自动内联扩展选定了函数“void * __ptr64 __cdecl std::_Allocate_manually_vector_aligned<struct std::_Default_allocate_traits>(unsigned __int64)”
D:\visual studio\VC\Tools\MSVC\14.42.34433\include\xutility(4661,1): warning C4711: 为自动内联扩展选定了函数“struct vec<3,float> * __ptr64 __cdecl std::_Copy_memmove<struct vec<3,float> * __ptr64,struct vec<3,float> * __ptr64>(struct vec<3,float> * __ptr64,struct vec<3,float> * __ptr64,struct vec<3,float> * __ptr64)”
D:\visual studio\VC\Tools\MSVC\14.42.34433\include\xmemory(222,1): warning C4711: 为自动内联扩展选定了函数“void * __ptr64 __cdecl std::_Allocate_manually_vector_aligned<struct std::_Default_allocate_traits>(unsigned __int64)”
D:\visual studio\VC\Tools\MSVC\14.42.34433\include\xutility(4661,1): warning C4711: 为自动内联扩展选定了函数“struct vec<3,int> * __ptr64 __cdecl std::_Copy_memmove<struct vec<3,int> * __ptr64,struct vec<3,int> * __ptr64>(struct vec<3,int> * __ptr64,struct vec<3,int> * __ptr64,struct vec<3,int> * __ptr64)”
D:\tinyraytracer_learn\lib\stb_image.h(3432,1): warning C5045: 如果指定了 /Qspectre 开关，编译器会插入内存负载的 Spectre 缓解 
D:\tinyraytracer_learn\lib\stb_image.h(3432,1): warning C5045: D:\tinyraytracer_learn\lib\stb_image.h(3431) : 注意: 在此行上通过对比检查索引 "m" 范围
D:\tinyraytracer_learn\lib\stb_image.h(3432,1): warning C5045: D:\tinyraytracer_learn\lib\stb_image.h(3432) : 注意: 此行上的源调用
D:\visual studio\VC\Tools\MSVC\14.42.34433\include\vector(819,1): warning C4710: “static void __cdecl std::vector<class std::unique_ptr<class Model,struct std::default_delete<class Model> >,class std::allocator<class std::unique_ptr<class Model,struct std::default_delete<class Model> > > >::_Xlength(void)”: 函数未内联
D:\visual studio\VC\Tools\MSVC\14.42.34433\include\vector(845,1): warning C4710: “void __cdecl std::_Destroy_range<class std::allocator<class std::unique_ptr<class Model,struct std::default_delete<class Model> > > >(class std::unique_ptr<class Model,struct std::default_delete<class Model> > * __ptr64,class std::unique_ptr<class Model,struct std::default_delete<class Model> > * __ptr64 const,class std::allocator<class std::unique_ptr<class Model,struct std::default_delete<class Model> > > & __ptr64)”: 函数未内联
D:\visual studio\VC\Tools\MSVC\14.42.34433\include\vector(846,1): warning C4710: “void __cdecl std::allocator<class std::unique_ptr<class Model,struct std::default_delete<class Model> > >::deallocate(class std::unique_ptr<class Model,struct std::default_delete<class Model> > * __ptr64 const,unsigned __int64) __ptr64”: 函数未内联
D:\visual studio\VC\Tools\MSVC\14.42.34433\include\xmemory(222,1): warning C4711: 为自动内联扩展选定了函数“void * __ptr64 __cdecl std::_Allocate_manually_vector_aligned<struct std::_Default_allocate_traits>(unsigned __int64)”
D:\visual studio\VC\Tools\MSVC\14.42.34433\include\memory(3597,1): warning C4710: “__cdecl Model::Model(class Model const & __ptr64) __ptr64”: 函数未内联
D:\tinyraytracer_learn\lib\stb_image.h(3988,1): warning C4711: 为自动内联扩展选定了函数“unsigned char __cdecl stbi__compute_y(int,int,int)”
D:\tinyraytracer_learn\lib\stb_image.h(3991,1): warning C4711: 为自动内联扩展选定了函数“unsigned char __cdecl stbi__compute_y(int,int,int)”
D:\tinyraytracer_learn\lib\stb_image.h(3960,1): warning C4711: 为自动内联扩展选定了函数“unsigned char __cdecl stbi__blinn_8x8(unsigned char,unsigned char)”
D:\tinyraytracer_learn\lib\stb_image.h(3961,1): warning C4711: 为自动内联扩展选定了函数“unsigned char __cdecl stbi__blinn_8x8(unsigned char,unsigned char)”
D:\tinyraytracer_learn\lib\stb_image.h(3962,1): warning C4711: 为自动内联扩展选定了函数“unsigned char __cdecl stbi__blinn_8x8(unsigned char,unsigned char)”
D:\tinyraytracer_learn\lib\stb_image.h(3998,1): warning C4711: 为自动内联扩展选定了函数“unsigned char __cdecl stbi__blinn_8x8(unsigned char,unsigned char)”
D:\tinyraytracer_learn\lib\stb_image.h(3999,1): warning C4711: 为自动内联扩展选定了函数“unsigned char __cdecl stbi__blinn_8x8(unsigned char,unsigned char)”
D:\tinyraytracer_learn\lib\stb_image.h(4000,1): warning C4711: 为自动内联扩展选定了函数“unsigned char __cdecl stbi__blinn_8x8(unsigned char,unsigned char)”
D:\tinyraytracer_learn\lib\stb_image.h(4001,1): warning C4711: 为自动内联扩展选定了函数“unsigned char __cdecl stbi__compute_y(int,int,int)”
D:\tinyraytracer_learn\lib\stb_image.h(4007,1): warning C4711: 为自动内联扩展选定了函数“unsigned char __cdecl stbi__blinn_8x8(unsigned char,unsigned char)”
D:\tinyraytracer_learn\lib\stb_image.h(3845,1): warning C4711: 为自动内联扩展选定了函数“int __cdecl stbi__free_jpeg_components(struct stbi__jpeg * __ptr64,int,int)”
D:\tinyraytracer_learn\lib\stb_image.h(4020,1): warning C4711: 为自动内联扩展选定了函数“void __cdecl stbi__cleanup_jpeg(struct stbi__jpeg * __ptr64)”
D:\tinyraytracer_learn\lib\stb_image.h(3871,1): warning C4711: 为自动内联扩展选定了函数“int __cdecl stbi__err(char const * __ptr64)”
D:\tinyraytracer_learn\lib\stb_image.h(3970,1): warning C4711: 为自动内联扩展选定了函数“unsigned char __cdecl stbi__blinn_8x8(unsigned char,unsigned char)”
D:\tinyraytracer_learn\lib\stb_image.h(3971,1): warning C4711: 为自动内联扩展选定了函数“unsigned char __cdecl stbi__blinn_8x8(unsigned char,unsigned char)”
D:\tinyraytracer_learn\lib\stb_image.h(3972,1): warning C4711: 为自动内联扩展选定了函数“unsigned char __cdecl stbi__blinn_8x8(unsigned char,unsigned char)”
D:\tinyraytracer_learn\lib\stb_image.h(3904,1): warning C4711: 为自动内联扩展选定了函数“void * __ptr64 __cdecl stbi__malloc(unsigned __int64)”
D:\tinyraytracer_learn\lib\stb_image.h(1033,1): warning C4711: 为自动内联扩展选定了函数“int __cdecl stbi__mul2sizes_valid(int,int)”
D:\tinyraytracer_learn\lib\stb_image.h(1033,1): warning C4711: 为自动内联扩展选定了函数“int __cdecl stbi__mul2sizes_valid(int,int)”
D:\tinyraytracer_learn\lib\stb_image.h(1033,1): warning C4711: 为自动内联扩展选定了函数“int __cdecl stbi__addsizes_valid(int,int)”
D:\tinyraytracer_learn\lib\stb_image.h(1057,1): warning C4711: 为自动内联扩展选定了函数“int __cdecl stbi__mad3sizes_valid(int,int,int,int)”
D:\tinyraytracer_learn\lib\stb_image.h(1058,1): warning C4711: 为自动内联扩展选定了函数“void * __ptr64 __cdecl stbi__malloc(unsigned __int64)”
D:\tinyraytracer_learn\lib\stb_image.h(3922,1): warning C4711: 为自动内联扩展选定了函数“void * __ptr64 __cdecl stbi__malloc_mad3(int,int,int,int)”
D:\tinyraytracer_learn\lib\stb_image.h(3845,1): warning C4711: 为自动内联扩展选定了函数“int __cdecl stbi__free_jpeg_components(struct stbi__jpeg * __ptr64,int,int)”
D:\tinyraytracer_learn\lib\stb_image.h(3905,1): warning C4711: 为自动内联扩展选定了函数“void __cdecl stbi__cleanup_jpeg(struct stbi__jpeg * __ptr64)”
D:\tinyraytracer_learn\lib\stb_image.h(3905,1): warning C4711: 为自动内联扩展选定了函数“int __cdecl stbi__err(char const * __ptr64)”
D:\tinyraytracer_learn\lib\stb_image.h(3845,1): warning C4711: 为自动内联扩展选定了函数“int __cdecl stbi__free_jpeg_components(struct stbi__jpeg * __ptr64,int,int)”
D:\tinyraytracer_learn\lib\stb_image.h(3923,1): warning C4711: 为自动内联扩展选定了函数“void __cdecl stbi__cleanup_jpeg(struct stbi__jpeg * __ptr64)”
D:\tinyraytracer_learn\lib\stb_image.h(3923,1): warning C4711: 为自动内联扩展选定了函数“int __cdecl stbi__err(char const * __ptr64)”
D:\tinyraytracer_learn\lib\stb_image.h(3845,1): warning C4711: 为自动内联扩展选定了函数“int __cdecl stbi__free_jpeg_components(struct stbi__jpeg * __ptr64,int,int)”
D:\tinyraytracer_learn\lib\stb_image.h(3874,1): warning C4711: 为自动内联扩展选定了函数“void __cdecl stbi__cleanup_jpeg(struct stbi__jpeg * __ptr64)”
D:\tinyraytracer_learn\lib\stb_image.h(3845,1): warning C4711: 为自动内联扩展选定了函数“int __cdecl stbi__free_jpeg_components(struct stbi__jpeg * __ptr64,int,int)”
D:\tinyraytracer_learn\lib\stb_image.h(3888,1): warning C4711: 为自动内联扩展选定了函数“void __cdecl stbi__cleanup_jpeg(struct stbi__jpeg * __ptr64)”
D:\visual studio\VC\Tools\MSVC\14.42.34433\include\vector(779,1): warning C4710: “class std::unique_ptr<class Model,struct std::default_delete<class Model> > * __ptr64 __cdecl std::vector<class std::unique_ptr<class Model,struct std::default_delete<class Model> >,class std::allocator<class std::unique_ptr<class Model,struct std::default_delete<class Model> > > >::_Emplace_reallocate<class std::unique_ptr<class Model,struct std::default_delete<class Model> > >(class std::unique_ptr<class Model,struct std::default_delete<class Model> > * __ptr64 const,class std::unique_ptr<class Model,struct std::default_delete<class Model> > && __ptr64) __ptr64”: 函数未内联
D:\tinyraytracer_learn\lib\stb_image.h(4024,1): warning C5045: 如果指定了 /Qspectre 开关，编译器会插入内存负载的 Spectre 缓解 
D:\tinyraytracer_learn\lib\stb_image.h(4024,1): warning C5045: D:\tinyraytracer_learn\lib\stb_image.h(3871) : 注意: 在此行上通过对比检查索引 "req_comp" 范围
D:\tinyraytracer_learn\lib\stb_image.h(4024,1): warning C5045: D:\tinyraytracer_learn\lib\stb_image.h(4024) : 注意: 此行上的源调用
D:\tinyraytracer_learn\lib\stb_image.h(3976,1): warning C5045: 如果指定了 /Qspectre 开关，编译器会插入内存负载的 Spectre 缓解 
D:\tinyraytracer_learn\lib\stb_image.h(3976,1): warning C5045: D:\tinyraytracer_learn\lib\stb_image.h(3942) : 注意: 在此行上通过对比检查索引 "n" 范围
D:\tinyraytracer_learn\lib\stb_image.h(3976,1): warning C5045: D:\tinyraytracer_learn\lib\stb_image.h(3976) : 注意: 此行上的源调用
D:\tinyraytracer_learn\lib\stb_image.h(3967,1): warning C5045: 如果指定了 /Qspectre 开关，编译器会插入内存负载的 Spectre 缓解 
D:\tinyraytracer_learn\lib\stb_image.h(3967,1): warning C5045: D:\tinyraytracer_learn\lib\stb_image.h(3942) : 注意: 在此行上通过对比检查索引 "n" 范围
D:\tinyraytracer_learn\lib\stb_image.h(3967,1): warning C5045: D:\tinyraytracer_learn\lib\stb_image.h(3967) : 注意: 此行上的源调用
D:\tinyraytracer_learn\lib\stb_image.h(3954,1): warning C5045: 如果指定了 /Qspectre 开关，编译器会插入内存负载的 Spectre 缓解 
D:\tinyraytracer_learn\lib\stb_image.h(3954,1): warning C5045: D:\tinyraytracer_learn\lib\stb_image.h(3942) : 注意: 在此行上通过对比检查索引 "n" 范围
D:\tinyraytracer_learn\lib\stb_image.h(3954,1): warning C5045: D:\tinyraytracer_learn\lib\stb_image.h(3954) : 注意: 此行上的源调用
D:\tinyraytracer_learn\lib\stb_image.h(3948,1): warning C5045: 如果指定了 /Qspectre 开关，编译器会插入内存负载的 Spectre 缓解 
D:\tinyraytracer_learn\lib\stb_image.h(3948,1): warning C5045: D:\tinyraytracer_learn\lib\stb_image.h(3948) : 注意: 在此行上通过对比检查索引 "" 范围
D:\tinyraytracer_learn\lib\stb_image.h(3948,1): warning C5045: D:\tinyraytracer_learn\lib\stb_image.h(3948) : 注意: 此行上的源内存负载
D:\tinyraytracer_learn\lib\stb_image.h(987,1): warning C5045: 如果指定了 /Qspectre 开关，编译器会插入内存负载的 Spectre 缓解 
D:\tinyraytracer_learn\lib\stb_image.h(987,1): warning C5045: D:\tinyraytracer_learn\lib\stb_image.h(3871) : 注意: 在此行上通过对比检查索引 "req_comp" 范围
D:\tinyraytracer_learn\lib\stb_image.h(987,1): warning C5045: D:\tinyraytracer_learn\lib\stb_image.h(987) : 注意: 此行上的源调用
D:\tinyraytracer_learn\lib\stb_image.h(5313,1): warning C4711: 为自动内联扩展选定了函数“void __cdecl stbi__rewind(struct stbi__context * __ptr64)”
D:\tinyraytracer_learn\lib\stb_image.h(5266,1): warning C4711: 为自动内联扩展选定了函数“int __cdecl stbi__err(char const * __ptr64)”
D:\tinyraytracer_learn\lib\stb_image.h(5273,1): warning C4711: 为自动内联扩展选定了函数“int __cdecl stbi__err(char const * __ptr64)”
D:\tinyraytracer_learn\lib\stb_image.h(5292,1): warning C5045: 如果指定了 /Qspectre 开关，编译器会插入内存负载的 Spectre 缓解 
D:\tinyraytracer_learn\lib\stb_image.h(5292,1): warning C5045: D:\tinyraytracer_learn\lib\stb_image.h(5266) : 注意: 在此行上通过对比检查索引 "req_comp" 范围
D:\tinyraytracer_learn\lib\stb_image.h(5292,1): warning C5045: D:\tinyraytracer_learn\lib\stb_image.h(5292) : 注意: 此行上的源调用
D:\tinyraytracer_learn\lib\stb_image.h(5282,1): warning C5045: 如果指定了 /Qspectre 开关，编译器会插入内存负载的 Spectre 缓解 
D:\tinyraytracer_learn\lib\stb_image.h(5282,1): warning C5045: D:\tinyraytracer_learn\lib\stb_image.h(5266) : 注意: 在此行上通过对比检查索引 "req_comp" 范围
D:\tinyraytracer_learn\lib\stb_image.h(5282,1): warning C5045: D:\tinyraytracer_learn\lib\stb_image.h(5282) : 注意: 此行上的源调用
D:\tinyraytracer_learn\lib\stb_image.h(5280,1): warning C5045: 如果指定了 /Qspectre 开关，编译器会插入内存负载的 Spectre 缓解 
D:\tinyraytracer_learn\lib\stb_image.h(5280,1): warning C5045: D:\tinyraytracer_learn\lib\stb_image.h(5266) : 注意: 在此行上通过对比检查索引 "req_comp" 范围
D:\tinyraytracer_learn\lib\stb_image.h(5280,1): warning C5045: D:\tinyraytracer_learn\lib\stb_image.h(5280) : 注意: 此行上的源调用
D:\tinyraytracer_learn\lib\stb_image.h(5278,1): warning C5045: 如果指定了 /Qspectre 开关，编译器会插入内存负载的 Spectre 缓解 
D:\tinyraytracer_learn\lib\stb_image.h(5278,1): warning C5045: D:\tinyraytracer_learn\lib\stb_image.h(5266) : 注意: 在此行上通过对比检查索引 "req_comp" 范围
D:\tinyraytracer_learn\lib\stb_image.h(5278,1): warning C5045: D:\tinyraytracer_learn\lib\stb_image.h(5278) : 注意: 此行上的源调用
D:\tinyraytracer_learn\lib\stb_image.h(5267,1): warning C5045: 如果指定了 /Qspectre 开关，编译器会插入内存负载的 Spectre 缓解 
D:\tinyraytracer_learn\lib\stb_image.h(5267,1): warning C5045: D:\tinyraytracer_learn\lib\stb_image.h(5266) : 注意: 在此行上通过对比检查索引 "req_comp" 范围
D:\tinyraytracer_learn\lib\stb_image.h(5267,1): warning C5045: D:\tinyraytracer_learn\lib\stb_image.h(5267) : 注意: 此行上的源调用
D:\tinyraytracer_learn\lib\stb_image.h(5313,1): warning C4711: 为自动内联扩展选定了函数“void __cdecl stbi__rewind(struct stbi__context * __ptr64)”
D:\tinyraytracer_learn\lib\stb_image.h(5313,1): warning C4711: 为自动内联扩展选定了函数“void __cdecl stbi__rewind(struct stbi__context * __ptr64)”
D:\tinyraytracer_learn\lib\stb_image.h(5333,1): warning C4711: 为自动内联扩展选定了函数“int __cdecl stbi__png_info_raw(struct stbi__png * __ptr64,int * __ptr64,int * __ptr64,int * __ptr64)”
D:\tinyraytracer_learn\lib\stb_image.h(5326,1): warning C4711: 为自动内联扩展选定了函数“int __cdecl stbi__png_info_raw(struct stbi__png * __ptr64,int * __ptr64,int * __ptr64,int * __ptr64)”
D:\tinyraytracer_learn\lib\stb_image.h(5336,1): warning C4711: 为自动内联扩展选定了函数“void __cdecl stbi__rewind(struct stbi__context * __ptr64)”
D:\tinyraytracer_learn\lib\stb_image.h(5313,1): warning C4711: 为自动内联扩展选定了函数“void __cdecl stbi__rewind(struct stbi__context * __ptr64)”
D:\tinyraytracer_learn\lib\stb_image.h(5333,1): warning C4711: 为自动内联扩展选定了函数“int __cdecl stbi__png_info_raw(struct stbi__png * __ptr64,int * __ptr64,int * __ptr64,int * __ptr64)”
D:\tinyraytracer_learn\lib\stb_image.h(5336,1): warning C4711: 为自动内联扩展选定了函数“void __cdecl stbi__rewind(struct stbi__context * __ptr64)”
D:\tinyraytracer_learn\lib\stb_image.h(7677,1): warning C4711: 为自动内联扩展选定了函数“int __cdecl stbi__png_is16(struct stbi__context * __ptr64)”
D:\tinyraytracer_learn\lib\stb_image.h(7397,1): warning C4711: 为自动内联扩展选定了函数“unsigned int __cdecl stbi__get32be(struct stbi__context * __ptr64)”
D:\tinyraytracer_learn\lib\stb_image.h(7398,1): warning C4711: 为自动内联扩展选定了函数“void __cdecl stbi__rewind(struct stbi__context * __ptr64)”
D:\tinyraytracer_learn\lib\stb_image.h(7402,1): warning C4711: 为自动内联扩展选定了函数“void __cdecl stbi__rewind(struct stbi__context * __ptr64)”
D:\tinyraytracer_learn\lib\stb_image.h(7405,1): warning C4711: 为自动内联扩展选定了函数“void __cdecl stbi__skip(struct stbi__context * __ptr64,int)”
D:\tinyraytracer_learn\lib\stb_image.h(7408,1): warning C4711: 为自动内联扩展选定了函数“void __cdecl stbi__rewind(struct stbi__context * __ptr64)”
D:\tinyraytracer_learn\lib\stb_image.h(7415,1): warning C4711: 为自动内联扩展选定了函数“void __cdecl stbi__rewind(struct stbi__context * __ptr64)”
D:\tinyraytracer_learn\lib\stb_image.h(7681,1): warning C4711: 为自动内联扩展选定了函数“int __cdecl stbi__psd_is16(struct stbi__context * __ptr64)”
D:\tinyraytracer_learn\lib\stb_image.h(7685,1): warning C4711: 为自动内联扩展选定了函数“int __cdecl stbi__pnm_is16(struct stbi__context * __ptr64)”
D:\tinyraytracer_learn\lib\stb_image.h(4071,1): warning C4711: 为自动内联扩展选定了函数“void * __ptr64 __cdecl stbi__malloc(unsigned __int64)”
D:\tinyraytracer_learn\lib\stb_image.h(4072,1): warning C4711: 为自动内联扩展选定了函数“int __cdecl stbi__err(char const * __ptr64)”
D:\tinyraytracer_learn\lib\stb_image.h(4059,1): warning C4711: 为自动内联扩展选定了函数“void __cdecl stbi__rewind(struct stbi__context * __ptr64)”
D:\tinyraytracer_learn\lib\stb_image.h(4075,1): warning C4711: 为自动内联扩展选定了函数“int __cdecl stbi__jpeg_info_raw(struct stbi__jpeg * __ptr64,int * __ptr64,int * __ptr64,int * __ptr64)”
D:\tinyraytracer_learn\lib\stb_image.h(7635,1): warning C4711: 为自动内联扩展选定了函数“int __cdecl stbi__jpeg_info(struct stbi__context * __ptr64,int * __ptr64,int * __ptr64,int * __ptr64)”
D:\tinyraytracer_learn\lib\stb_image.h(5313,1): warning C4711: 为自动内联扩展选定了函数“void __cdecl stbi__rewind(struct stbi__context * __ptr64)”
D:\tinyraytracer_learn\lib\stb_image.h(5326,1): warning C4711: 为自动内联扩展选定了函数“int __cdecl stbi__png_info_raw(struct stbi__png * __ptr64,int * __ptr64,int * __ptr64,int * __ptr64)”
D:\tinyraytracer_learn\lib\stb_image.h(7639,1): warning C4711: 为自动内联扩展选定了函数“int __cdecl stbi__png_info(struct stbi__context * __ptr64,int * __ptr64,int * __ptr64,int * __ptr64)”
D:\tinyraytracer_learn\lib\stb_image.h(6641,1): warning C4711: 为自动内联扩展选定了函数“void * __ptr64 __cdecl stbi__malloc(unsigned __int64)”
D:\tinyraytracer_learn\lib\stb_image.h(6642,1): warning C4711: 为自动内联扩展选定了函数“int __cdecl stbi__err(char const * __ptr64)”
D:\tinyraytracer_learn\lib\stb_image.h(6645,1): warning C4711: 为自动内联扩展选定了函数“void __cdecl stbi__rewind(struct stbi__context * __ptr64)”
D:\tinyraytracer_learn\lib\stb_image.h(7079,1): warning C4711: 为自动内联扩展选定了函数“int __cdecl stbi__gif_info_raw(struct stbi__context * __ptr64,int * __ptr64,int * __ptr64,int * __ptr64)”
D:\tinyraytracer_learn\lib\stb_image.h(7643,1): warning C4711: 为自动内联扩展选定了函数“int __cdecl stbi__gif_info(struct stbi__context * __ptr64,int * __ptr64,int * __ptr64,int * __ptr64)”
D:\tinyraytracer_learn\lib\stb_image.h(7343,1): warning C4711: 为自动内联扩展选定了函数“void __cdecl stbi__rewind(struct stbi__context * __ptr64)”
D:\tinyraytracer_learn\lib\stb_image.h(7647,1): warning C4711: 为自动内联扩展选定了函数“int __cdecl stbi__bmp_info(struct stbi__context * __ptr64,int * __ptr64,int * __ptr64,int * __ptr64)”
D:\tinyraytracer_learn\lib\stb_image.h(7365,1): warning C4711: 为自动内联扩展选定了函数“unsigned int __cdecl stbi__get32be(struct stbi__context * __ptr64)”
D:\tinyraytracer_learn\lib\stb_image.h(7366,1): warning C4711: 为自动内联扩展选定了函数“void __cdecl stbi__rewind(struct stbi__context * __ptr64)”
D:\tinyraytracer_learn\lib\stb_image.h(7370,1): warning C4711: 为自动内联扩展选定了函数“void __cdecl stbi__rewind(struct stbi__context * __ptr64)”
D:\tinyraytracer_learn\lib\stb_image.h(7373,1): warning C4711: 为自动内联扩展选定了函数“void __cdecl stbi__skip(struct stbi__context * __ptr64,int)”
D:\tinyraytracer_learn\lib\stb_image.h(7376,1): warning C4711: 为自动内联扩展选定了函数“void __cdecl stbi__rewind(struct stbi__context * __ptr64)”
D:\tinyraytracer_learn\lib\stb_image.h(7383,1): warning C4711: 为自动内联扩展选定了函数“void __cdecl stbi__rewind(struct stbi__context * __ptr64)”
D:\tinyraytracer_learn\lib\stb_image.h(7387,1): warning C4711: 为自动内联扩展选定了函数“void __cdecl stbi__rewind(struct stbi__context * __ptr64)”
D:\tinyraytracer_learn\lib\stb_image.h(7651,1): warning C4711: 为自动内联扩展选定了函数“int __cdecl stbi__psd_info(struct stbi__context * __ptr64,int * __ptr64,int * __ptr64,int * __ptr64)”
D:\tinyraytracer_learn\lib\stb_image.h(7301,1): warning C4711: 为自动内联扩展选定了函数“void __cdecl stbi__rewind(struct stbi__context * __ptr64)”
D:\tinyraytracer_learn\lib\stb_image.h(7312,1): warning C4711: 为自动内联扩展选定了函数“void __cdecl stbi__rewind(struct stbi__context * __ptr64)”
D:\tinyraytracer_learn\lib\stb_image.h(7317,1): warning C4711: 为自动内联扩展选定了函数“void __cdecl stbi__rewind(struct stbi__context * __ptr64)”
D:\tinyraytracer_learn\lib\stb_image.h(7324,1): warning C4711: 为自动内联扩展选定了函数“void __cdecl stbi__rewind(struct stbi__context * __ptr64)”
D:\tinyraytracer_learn\lib\stb_image.h(7663,1): warning C4711: 为自动内联扩展选定了函数“int __cdecl stbi__hdr_info(struct stbi__context * __ptr64,int * __ptr64,int * __ptr64,int * __ptr64)”
D:\tinyraytracer_learn\lib\stb_image.h(7671,1): warning C4711: 为自动内联扩展选定了函数“int __cdecl stbi__err(char const * __ptr64)”
D:\tinyraytracer_learn\lib\stb_image.h(4031,1): warning C4711: 为自动内联扩展选定了函数“void * __ptr64 __cdecl stbi__malloc(unsigned __int64)”
D:\tinyraytracer_learn\lib\stb_image.h(4032,1): warning C4711: 为自动内联扩展选定了函数“int __cdecl stbi__err(char const * __ptr64)”
D:\tinyraytracer_learn\lib\stb_image.h(5266,1): warning C4711: 为自动内联扩展选定了函数“int __cdecl stbi__err(char const * __ptr64)”
D:\tinyraytracer_learn\lib\stb_image.h(5273,1): warning C4711: 为自动内联扩展选定了函数“int __cdecl stbi__err(char const * __ptr64)”
D:\tinyraytracer_learn\lib\stb_image.h(5299,1): warning C4711: 为自动内联扩展选定了函数“void * __ptr64 __cdecl stbi__do_png(struct stbi__png * __ptr64,int * __ptr64,int * __ptr64,int * __ptr64,int,struct stbi__result_info * __ptr64)”
D:\tinyraytracer_learn\lib\stb_image.h(7751,1): warning C4711: 为自动内联扩展选定了函数“void __cdecl stbi__start_mem(struct stbi__context * __ptr64,unsigned char const * __ptr64,int)”
D:\tinyraytracer_learn\lib\stb_image.h(844,1): warning C4711: 为自动内联扩展选定了函数“void __cdecl stbi__refill_buffer(struct stbi__context * __ptr64)”
D:\tinyraytracer_learn\lib\stb_image.h(7758,1): warning C4711: 为自动内联扩展选定了函数“void __cdecl stbi__start_callbacks(struct stbi__context * __ptr64,struct stbi_io_callbacks * __ptr64,void * __ptr64)”
D:\tinyraytracer_learn\lib\stb_image.h(844,1): warning C4711: 为自动内联扩展选定了函数“void __cdecl stbi__refill_buffer(struct stbi__context * __ptr64)”
D:\tinyraytracer_learn\lib\stb_image.h(879,1): warning C4711: 为自动内联扩展选定了函数“void __cdecl stbi__start_callbacks(struct stbi__context * __ptr64,struct stbi_io_callbacks * __ptr64,void * __ptr64)”
D:\tinyraytracer_learn\lib\stb_image.h(7727,1): warning C4711: 为自动内联扩展选定了函数“void __cdecl stbi__start_file(struct stbi__context * __ptr64,struct _iobuf * __ptr64)”
D:\tinyraytracer_learn\lib\stb_image.h(7714,1): warning C4711: 为自动内联扩展选定了函数“struct _iobuf * __ptr64 __cdecl stbi__fopen(char const * __ptr64,char const * __ptr64)”
D:\tinyraytracer_learn\lib\stb_image.h(7716,1): warning C4711: 为自动内联扩展选定了函数“int __cdecl stbi__err(char const * __ptr64)”
D:\tinyraytracer_learn\lib\stb_image.h(844,1): warning C4711: 为自动内联扩展选定了函数“void __cdecl stbi__refill_buffer(struct stbi__context * __ptr64)”
D:\tinyraytracer_learn\lib\stb_image.h(879,1): warning C4711: 为自动内联扩展选定了函数“void __cdecl stbi__start_callbacks(struct stbi__context * __ptr64,struct stbi_io_callbacks * __ptr64,void * __ptr64)”
D:\tinyraytracer_learn\lib\stb_image.h(7727,1): warning C4711: 为自动内联扩展选定了函数“void __cdecl stbi__start_file(struct stbi__context * __ptr64,struct _iobuf * __ptr64)”
D:\tinyraytracer_learn\lib\stb_image.h(7717,1): warning C4711: 为自动内联扩展选定了函数“stbi_is_16_bit_from_file”
D:\tinyraytracer_learn\lib\stb_image.h(5306,1): warning C4711: 为自动内联扩展选定了函数“void __cdecl stbi__rewind(struct stbi__context * __ptr64)”
D:\tinyraytracer_learn\lib\stb_image.h(1147,1): warning C4711: 为自动内联扩展选定了函数“int __cdecl stbi__png_test(struct stbi__context * __ptr64)”
D:\tinyraytracer_learn\lib\stb_image.h(5266,1): warning C4711: 为自动内联扩展选定了函数“int __cdecl stbi__err(char const * __ptr64)”
D:\tinyraytracer_learn\lib\stb_image.h(5273,1): warning C4711: 为自动内联扩展选定了函数“int __cdecl stbi__err(char const * __ptr64)”
D:\tinyraytracer_learn\lib\stb_image.h(5299,1): warning C4711: 为自动内联扩展选定了函数“void * __ptr64 __cdecl stbi__do_png(struct stbi__png * __ptr64,int * __ptr64,int * __ptr64,int * __ptr64,int,struct stbi__result_info * __ptr64)”
D:\tinyraytracer_learn\lib\stb_image.h(1147,1): warning C4711: 为自动内联扩展选定了函数“void * __ptr64 __cdecl stbi__png_load(struct stbi__context * __ptr64,int * __ptr64,int * __ptr64,int * __ptr64,int,struct stbi__result_info * __ptr64)”
D:\tinyraytracer_learn\lib\stb_image.h(5352,1): warning C4711: 为自动内联扩展选定了函数“unsigned int __cdecl stbi__get32le(struct stbi__context * __ptr64)”
D:\tinyraytracer_learn\lib\stb_image.h(5355,1): warning C4711: 为自动内联扩展选定了函数“unsigned int __cdecl stbi__get32le(struct stbi__context * __ptr64)”
D:\tinyraytracer_learn\lib\stb_image.h(5356,1): warning C4711: 为自动内联扩展选定了函数“unsigned int __cdecl stbi__get32le(struct stbi__context * __ptr64)”
D:\tinyraytracer_learn\lib\stb_image.h(5363,1): warning C4711: 为自动内联扩展选定了函数“int __cdecl stbi__bmp_test_raw(struct stbi__context * __ptr64)”
D:\tinyraytracer_learn\lib\stb_image.h(5364,1): warning C4711: 为自动内联扩展选定了函数“void __cdecl stbi__rewind(struct stbi__context * __ptr64)”
D:\tinyraytracer_learn\lib\stb_image.h(1150,1): warning C4711: 为自动内联扩展选定了函数“int __cdecl stbi__bmp_test(struct stbi__context * __ptr64)”
D:\tinyraytracer_learn\lib\stb_image.h(6593,1): warning C4711: 为自动内联扩展选定了函数“void __cdecl stbi__rewind(struct stbi__context * __ptr64)”
D:\tinyraytracer_learn\lib\stb_image.h(1153,1): warning C4711: 为自动内联扩展选定了函数“int __cdecl stbi__gif_test(struct stbi__context * __ptr64)”
D:\tinyraytracer_learn\lib\stb_image.h(6083,1): warning C4711: 为自动内联扩展选定了函数“unsigned int __cdecl stbi__get32be(struct stbi__context * __ptr64)”
D:\tinyraytracer_learn\lib\stb_image.h(6084,1): warning C4711: 为自动内联扩展选定了函数“void __cdecl stbi__rewind(struct stbi__context * __ptr64)”
D:\tinyraytracer_learn\lib\stb_image.h(1156,1): warning C4711: 为自动内联扩展选定了函数“int __cdecl stbi__psd_test(struct stbi__context * __ptr64)”
D:\tinyraytracer_learn\lib\stb_image.h(6543,1): warning C4711: 为自动内联扩展选定了函数“int __cdecl stbi__pic_test_core(struct stbi__context * __ptr64)”
D:\tinyraytracer_learn\lib\stb_image.h(6544,1): warning C4711: 为自动内联扩展选定了函数“void __cdecl stbi__rewind(struct stbi__context * __ptr64)”
D:\tinyraytracer_learn\lib\stb_image.h(1161,1): warning C4711: 为自动内联扩展选定了函数“int __cdecl stbi__pic_test(struct stbi__context * __ptr64)”
D:\tinyraytracer_learn\lib\stb_image.h(4045,1): warning C4711: 为自动内联扩展选定了函数“void * __ptr64 __cdecl stbi__malloc(unsigned __int64)”
D:\tinyraytracer_learn\lib\stb_image.h(4046,1): warning C4711: 为自动内联扩展选定了函数“int __cdecl stbi__err(char const * __ptr64)”
D:\tinyraytracer_learn\lib\stb_image.h(3372,1): warning C4711: 为自动内联扩展选定了函数“int __cdecl stbi__err(char const * __ptr64)”
D:\tinyraytracer_learn\lib\stb_image.h(3380,1): warning C4711: 为自动内联扩展选定了函数“int __cdecl stbi__err(char const * __ptr64)”
D:\tinyraytracer_learn\lib\stb_image.h(4050,1): warning C4711: 为自动内联扩展选定了函数“int __cdecl stbi__decode_jpeg_header(struct stbi__jpeg * __ptr64,int)”
D:\tinyraytracer_learn\lib\stb_image.h(4051,1): warning C4711: 为自动内联扩展选定了函数“void __cdecl stbi__rewind(struct stbi__context * __ptr64)”
D:\tinyraytracer_learn\lib\stb_image.h(1168,1): warning C4711: 为自动内联扩展选定了函数“int __cdecl stbi__jpeg_test(struct stbi__context * __ptr64)”
D:\tinyraytracer_learn\lib\stb_image.h(4031,1): warning C4711: 为自动内联扩展选定了函数“void * __ptr64 __cdecl stbi__malloc(unsigned __int64)”
D:\tinyraytracer_learn\lib\stb_image.h(4032,1): warning C4711: 为自动内联扩展选定了函数“int __cdecl stbi__err(char const * __ptr64)”
D:\tinyraytracer_learn\lib\stb_image.h(1168,1): warning C4711: 为自动内联扩展选定了函数“void * __ptr64 __cdecl stbi__jpeg_load(struct stbi__context * __ptr64,int * __ptr64,int * __ptr64,int * __ptr64,int,struct stbi__result_info * __ptr64)”
D:\tinyraytracer_learn\lib\stb_image.h(7500,1): warning C4711: 为自动内联扩展选定了函数“void __cdecl stbi__rewind(struct stbi__context * __ptr64)”
D:\tinyraytracer_learn\lib\stb_image.h(1171,1): warning C4711: 为自动内联扩展选定了函数“int __cdecl stbi__pnm_test(struct stbi__context * __ptr64)”
D:\tinyraytracer_learn\lib\stb_image.h(1187,1): warning C4711: 为自动内联扩展选定了函数“int __cdecl stbi__err(char const * __ptr64)”
D:\tinyraytracer_learn\lib\stb_image.h(7737,1): warning C4711: 为自动内联扩展选定了函数“void __cdecl stbi__start_mem(struct stbi__context * __ptr64,unsigned char const * __ptr64,int)”
D:\tinyraytracer_learn\lib\stb_image.h(844,1): warning C4711: 为自动内联扩展选定了函数“void __cdecl stbi__refill_buffer(struct stbi__context * __ptr64)”
D:\tinyraytracer_learn\lib\stb_image.h(844,1): warning C4711: 为自动内联扩展选定了函数“void __cdecl stbi__refill_buffer(struct stbi__context * __ptr64)”
D:\tinyraytracer_learn\lib\stb_image.h(879,1): warning C4711: 为自动内联扩展选定了函数“void __cdecl stbi__start_callbacks(struct stbi__context * __ptr64,struct stbi_io_callbacks * __ptr64,void * __ptr64)”
D:\tinyraytracer_learn\lib\stb_image.h(7744,1): warning C4711: 为自动内联扩展选定了函数“void __cdecl stbi__start_callbacks(struct stbi__context * __ptr64,struct stbi_io_callbacks * __ptr64,void * __ptr64)”
D:\tinyraytracer_learn\lib\stb_image.h(7706,1): warning C4711: 为自动内联扩展选定了函数“void __cdecl stbi__start_file(struct stbi__context * __ptr64,struct _iobuf * __ptr64)”
D:\tinyraytracer_learn\lib\stb_image.h(7693,1): warning C4711: 为自动内联扩展选定了函数“struct _iobuf * __ptr64 __cdecl stbi__fopen(char const * __ptr64,char const * __ptr64)”
D:\tinyraytracer_learn\lib\stb_image.h(7695,1): warning C4711: 为自动内联扩展选定了函数“int __cdecl stbi__err(char const * __ptr64)”
D:\tinyraytracer_learn\lib\stb_image.h(844,1): warning C4711: 为自动内联扩展选定了函数“void __cdecl stbi__refill_buffer(struct stbi__context * __ptr64)”
D:\tinyraytracer_learn\lib\stb_image.h(879,1): warning C4711: 为自动内联扩展选定了函数“void __cdecl stbi__start_callbacks(struct stbi__context * __ptr64,struct stbi_io_callbacks * __ptr64,void * __ptr64)”
D:\tinyraytracer_learn\lib\stb_image.h(7706,1): warning C4711: 为自动内联扩展选定了函数“void __cdecl stbi__start_file(struct stbi__context * __ptr64,struct _iobuf * __ptr64)”
D:\tinyraytracer_learn\lib\stb_image.h(7696,1): warning C4711: 为自动内联扩展选定了函数“stbi_info_from_file”
D:\tinyraytracer_learn\lib\stb_image.h(1212,1): warning C4711: 为自动内联扩展选定了函数“void * __ptr64 __cdecl stbi__malloc(unsigned __int64)”
D:\tinyraytracer_learn\lib\stb_image.h(1213,1): warning C4711: 为自动内联扩展选定了函数“int __cdecl stbi__err(char const * __ptr64)”
D:\tinyraytracer_learn\lib\stb_image.h(1298,1): warning C4711: 为自动内联扩展选定了函数“unsigned short * __ptr64 __cdecl stbi__convert_8_to_16(unsigned char * __ptr64,int,int,int)”
D:\tinyraytracer_learn\lib\stb_image.h(1432,1): warning C4711: 为自动内联扩展选定了函数“void __cdecl stbi__start_mem(struct stbi__context * __ptr64,unsigned char const * __ptr64,int)”
D:\tinyraytracer_learn\lib\stb_image.h(844,1): warning C4711: 为自动内联扩展选定了函数“void __cdecl stbi__refill_buffer(struct stbi__context * __ptr64)”
D:\tinyraytracer_learn\lib\stb_image.h(879,1): warning C4711: 为自动内联扩展选定了函数“void __cdecl stbi__start_callbacks(struct stbi__context * __ptr64,struct stbi_io_callbacks * __ptr64,void * __ptr64)”
D:\tinyraytracer_learn\lib\stb_image.h(1380,1): warning C4711: 为自动内联扩展选定了函数“void __cdecl stbi__start_file(struct stbi__context * __ptr64,struct _iobuf * __ptr64)”
D:\tinyraytracer_learn\lib\stb_image.h(844,1): warning C4711: 为自动内联扩展选定了函数“void __cdecl stbi__refill_buffer(struct stbi__context * __ptr64)”
D:\tinyraytracer_learn\lib\stb_image.h(1439,1): warning C4711: 为自动内联扩展选定了函数“void __cdecl stbi__start_callbacks(struct stbi__context * __ptr64,struct stbi_io_callbacks * __ptr64,void * __ptr64)”
D:\tinyraytracer_learn\lib\stb_image.h(1468,1): warning C4711: 为自动内联扩展选定了函数“void __cdecl stbi__float_postprocess(float * __ptr64,int * __ptr64,int * __ptr64,int * __ptr64,int)”
D:\tinyraytracer_learn\lib\stb_image.h(1475,1): warning C4711: 为自动内联扩展选定了函数“int __cdecl stbi__err(char const * __ptr64)”
D:\tinyraytracer_learn\lib\stb_image.h(1368,1): warning C4711: 为自动内联扩展选定了函数“struct _iobuf * __ptr64 __cdecl stbi__fopen(char const * __ptr64,char const * __ptr64)”
D:\tinyraytracer_learn\lib\stb_image.h(1370,1): warning C4711: 为自动内联扩展选定了函数“int __cdecl stbi__err(char const * __ptr64)”
D:\tinyraytracer_learn\lib\stb_image.h(844,1): warning C4711: 为自动内联扩展选定了函数“void __cdecl stbi__refill_buffer(struct stbi__context * __ptr64)”
D:\tinyraytracer_learn\lib\stb_image.h(879,1): warning C4711: 为自动内联扩展选定了函数“void __cdecl stbi__start_callbacks(struct stbi__context * __ptr64,struct stbi_io_callbacks * __ptr64,void * __ptr64)”
D:\tinyraytracer_learn\lib\stb_image.h(1380,1): warning C4711: 为自动内联扩展选定了函数“void __cdecl stbi__start_file(struct stbi__context * __ptr64,struct _iobuf * __ptr64)”
D:\tinyraytracer_learn\lib\stb_image.h(1371,1): warning C4711: 为自动内联扩展选定了函数“stbi_load_from_file”
D:\tinyraytracer_learn\lib\stb_image.h(1481,1): warning C4711: 为自动内联扩展选定了函数“void __cdecl stbi__start_mem(struct stbi__context * __ptr64,unsigned char const * __ptr64,int)”
D:\tinyraytracer_learn\lib\stb_image.h(844,1): warning C4711: 为自动内联扩展选定了函数“void __cdecl stbi__refill_buffer(struct stbi__context * __ptr64)”
D:\tinyraytracer_learn\lib\stb_image.h(844,1): warning C4711: 为自动内联扩展选定了函数“void __cdecl stbi__refill_buffer(struct stbi__context * __ptr64)”
D:\tinyraytracer_learn\lib\stb_image.h(1488,1): warning C4711: 为自动内联扩展选定了函数“void __cdecl stbi__start_callbacks(struct stbi__context * __ptr64,struct stbi_io_callbacks * __ptr64,void * __ptr64)”
D:\tinyraytracer_learn\lib\stb_image.h(879,1): warning C4711: 为自动内联扩展选定了函数“void __cdecl stbi__start_callbacks(struct stbi__context * __ptr64,struct stbi_io_callbacks * __ptr64,void * __ptr64)”
D:\tinyraytracer_learn\lib\stb_image.h(1506,1): warning C4711: 为自动内联扩展选定了函数“void __cdecl stbi__start_file(struct stbi__context * __ptr64,struct _iobuf * __ptr64)”
D:\tinyraytracer_learn\lib\stb_image.h(1496,1): warning C4711: 为自动内联扩展选定了函数“struct _iobuf * __ptr64 __cdecl stbi__fopen(char const * __ptr64,char const * __ptr64)”
D:\tinyraytracer_learn\lib\stb_image.h(1497,1): warning C4711: 为自动内联扩展选定了函数“int __cdecl stbi__err(char const * __ptr64)”
D:\tinyraytracer_learn\lib\stb_image.h(844,1): warning C4711: 为自动内联扩展选定了函数“void __cdecl stbi__refill_buffer(struct stbi__context * __ptr64)”
D:\tinyraytracer_learn\lib\stb_image.h(879,1): warning C4711: 为自动内联扩展选定了函数“void __cdecl stbi__start_callbacks(struct stbi__context * __ptr64,struct stbi_io_callbacks * __ptr64,void * __ptr64)”
D:\tinyraytracer_learn\lib\stb_image.h(1506,1): warning C4711: 为自动内联扩展选定了函数“void __cdecl stbi__start_file(struct stbi__context * __ptr64,struct _iobuf * __ptr64)”
D:\tinyraytracer_learn\lib\stb_image.h(1498,1): warning C4711: 为自动内联扩展选定了函数“stbi_loadf_from_file”
D:\tinyraytracer_learn\lib\stb_image.h(1418,1): warning C4711: 为自动内联扩展选定了函数“void __cdecl stbi__start_mem(struct stbi__context * __ptr64,unsigned char const * __ptr64,int)”
D:\tinyraytracer_learn\lib\stb_image.h(844,1): warning C4711: 为自动内联扩展选定了函数“void __cdecl stbi__refill_buffer(struct stbi__context * __ptr64)”
D:\tinyraytracer_learn\lib\stb_image.h(1425,1): warning C4711: 为自动内联扩展选定了函数“void __cdecl stbi__start_callbacks(struct stbi__context * __ptr64,struct stbi_io_callbacks * __ptr64,void * __ptr64)”
D:\tinyraytracer_learn\lib\stb_image.h(844,1): warning C4711: 为自动内联扩展选定了函数“void __cdecl stbi__refill_buffer(struct stbi__context * __ptr64)”
D:\tinyraytracer_learn\lib\stb_image.h(879,1): warning C4711: 为自动内联扩展选定了函数“void __cdecl stbi__start_callbacks(struct stbi__context * __ptr64,struct stbi_io_callbacks * __ptr64,void * __ptr64)”
D:\tinyraytracer_learn\lib\stb_image.h(1393,1): warning C4711: 为自动内联扩展选定了函数“void __cdecl stbi__start_file(struct stbi__context * __ptr64,struct _iobuf * __ptr64)”
D:\tinyraytracer_learn\lib\stb_image.h(1404,1): warning C4711: 为自动内联扩展选定了函数“struct _iobuf * __ptr64 __cdecl stbi__fopen(char const * __ptr64,char const * __ptr64)”
D:\tinyraytracer_learn\lib\stb_image.h(1406,1): warning C4711: 为自动内联扩展选定了函数“int __cdecl stbi__err(char const * __ptr64)”
D:\tinyraytracer_learn\lib\stb_image.h(844,1): warning C4711: 为自动内联扩展选定了函数“void __cdecl stbi__refill_buffer(struct stbi__context * __ptr64)”
D:\tinyraytracer_learn\lib\stb_image.h(879,1): warning C4711: 为自动内联扩展选定了函数“void __cdecl stbi__start_callbacks(struct stbi__context * __ptr64,struct stbi_io_callbacks * __ptr64,void * __ptr64)”
D:\tinyraytracer_learn\lib\stb_image.h(1393,1): warning C4711: 为自动内联扩展选定了函数“void __cdecl stbi__start_file(struct stbi__context * __ptr64,struct _iobuf * __ptr64)”
D:\tinyraytracer_learn\lib\stb_image.h(1407,1): warning C4711: 为自动内联扩展选定了函数“stbi_load_from_file_16”
  tinyraytracer.vcxproj -> D:\tinyraytracer_learn\build\Release\tinyraytracer.exe
